{"type": "FeatureCollection", "features": [{"type": "Feature", "properties": {"name": "Miroševečina", "ha": 119.8}, "geometry": {"type": "MultiPolygon", "coordinates": [[[[16.01853, 45.86956], [16.01897, 45.8697], [16.01919, 45.86977], [16.01959, 45.87027], [16.02021, 45.87086], [16.02118, 45.87137], [16.02177, 45.87195], [16.0217, 45.87258], [16.0226, 45.87326], [16.02342, 45.87374], [16.02345, 45.87424], [16.02341, 45.87462], [16.02352, 45.87481], [16.02381, 45.87475], [16.024, 45.87492], [16.02438, 45.87506], [16.02483, 45.87487], [16.02541, 45.87502], [16.02538, 45.87526], [16.02444, 45.87619], [16.02535, 45.87679], [16.02667, 45.87717], [16.02599, 45.87628], [16.02589, 45.87584], [16.02612, 45.87551], [16.02686, 45.87564], [16.02794, 45.87668], [16.02877, 45.87719], [16.02936, 45.87742], [16.02952, 45.87699], [16.02828, 45.87643], [16.02773, 45.87582], [16.02851, 45.87529], [16.02836, 45.87475], [16.02928, 45.87342], [16.03003, 45.87343], [16.03012, 45.87294], [16.02966, 45.87275], [16.02993, 45.87254], [16.0308, 45.87245], [16.03059, 45.87194], [16.03083, 45.87174], [16.03084, 45.87165], [16.03046, 45.87166], [16.03016, 45.87162], [16.03021, 45.87139], [16.03037, 45.87136], [16.03045, 45.87093], [16.03016, 45.87073], [16.03088, 45.87046], [16.03074, 45.87025], [16.03097, 45.8702], [16.03109, 45.8704], [16.03199, 45.87023], [16.03229, 45.87027], [16.03235, 45.86974], [16.03211, 45.86974], [16.03157, 45.86927], [16.03144, 45.86916], [16.03043, 45.86921], [16.02931, 45.8696], [16.02896, 45.86974], [16.02797, 45.86924], [16.02849, 45.86867], [16.0292, 45.86809], [16.02988, 45.8683], [16.03089, 45.8679], [16.0321, 45.86803], [16.03299, 45.86779], [16.03414, 45.8679], [16.03378, 45.86768], [16.03364, 45.86733], [16.03365, 45.86693], [16.03445, 45.86577], [16.03406, 45.86506], [16.03485, 45.86414], [16.03452, 45.86382], [16.03489, 45.86375], [16.03497, 45.86394], [16.03541, 45.86379], [16.03507, 45.86373], [16.03504, 45.86357], [16.0346, 45.86334], [16.03451, 45.86309], [16.03404, 45.86315], [16.03391, 45.86291], [16.03354, 45.86293], [16.03352, 45.86317], [16.03341, 45.86318], [16.03345, 45.86287], [16.03349, 45.86272], [16.03389, 45.86262], [16.0343, 45.86252], [16.03466, 45.86239], [16.0346, 45.86233], [16.03395, 45.86235], [16.03397, 45.86228], [16.0342, 45.86212], [16.03378, 45.86186], [16.03385, 45.86155], [16.03476, 45.86164], [16.03493, 45.86145], [16.03545, 45.86134], [16.03554, 45.86123], [16.03493, 45.8612], [16.03436, 45.8611], [16.03443, 45.86093], [16.03515, 45.86107], [16.0356, 45.86104], [16.03558, 45.86098], [16.03521, 45.86092], [16.03521, 45.8606], [16.03552, 45.86061], [16.0355, 45.86029], [16.03499, 45.86026], [16.03502, 45.86005], [16.03552, 45.86008], [16.03551, 45.85946], [16.03562, 45.85891], [16.03569, 45.85821], [16.03599, 45.85828], [16.03634, 45.85838], [16.03664, 45.85816], [16.03743, 45.85812], [16.03747, 45.85789], [16.03681, 45.85795], [16.03791, 45.85707], [16.03846, 45.85705], [16.03854, 45.85687], [16.03866, 45.85657], [16.03865, 45.85618], [16.03909, 45.85573], [16.03863, 45.85559], [16.03912, 45.85488], [16.0383, 45.85461], [16.0375, 45.85434], [16.03669, 45.85407], [16.0363, 45.85394], [16.03635, 45.85445], [16.03588, 45.85445], [16.03583, 45.85468], [16.0363, 45.85475], [16.03643, 45.85519], [16.03809, 45.85522], [16.03772, 45.85581], [16.03595, 45.85565], [16.03583, 45.85638], [16.03604, 45.85653], [16.03614, 45.85674], [16.03573, 45.85684], [16.03555, 45.8571], [16.03515, 45.85712], [16.035, 45.85742], [16.03469, 45.85765], [16.03454, 45.85785], [16.03397, 45.85793], [16.03402, 45.85822], [16.03457, 45.85839], [16.03443, 45.85887], [16.03469, 45.85927], [16.03446, 45.85948], [16.03391, 45.85939], [16.03399, 45.85976], [16.0339, 45.86021], [16.03364, 45.86023], [16.03345, 45.86048], [16.03369, 45.86081], [16.03358, 45.86093], [16.03336, 45.8609], [16.03312, 45.86109], [16.033, 45.86105], [16.03278, 45.8613], [16.0333, 45.86142], [16.03346, 45.86179], [16.03338, 45.8619], [16.03278, 45.86187], [16.03281, 45.86199], [16.03266, 45.862], [16.03261, 45.86186], [16.03251, 45.86196], [16.03227, 45.8621], [16.03221, 45.86223], [16.03196, 45.86226], [16.03191, 45.86243], [16.03215, 45.86242], [16.0322, 45.86254], [16.03177, 45.86262], [16.03184, 45.86288], [16.03165, 45.86297], [16.03164, 45.86319], [16.03186, 45.86334], [16.03236, 45.86338], [16.032, 45.86387], [16.03168, 45.86406], [16.0318, 45.86441], [16.03206, 45.86444], [16.03198, 45.86464], [16.03129, 45.86448], [16.0306, 45.86445], [16.03055, 45.86458], [16.0309, 45.86474], [16.0313, 45.86483], [16.0312, 45.86499], [16.03068, 45.86491], [16.03018, 45.86476], [16.02977, 45.86494], [16.02925, 45.86515], [16.02836, 45.86573], [16.02763, 45.86593], [16.02816, 45.86592], [16.02818, 45.866], [16.02899, 45.86602], [16.02906, 45.86585], [16.02944, 45.86598], [16.02931, 45.86643], [16.02901, 45.86642], [16.02819, 45.86642], [16.02685, 45.86645], [16.02679, 45.86663], [16.02696, 45.86681], [16.02717, 45.86691], [16.02728, 45.86686], [16.02757, 45.86691], [16.02829, 45.8669], [16.02745, 45.86797], [16.02711, 45.86792], [16.02699, 45.8672], [16.02677, 45.86674], [16.02665, 45.86661], [16.02554, 45.86637], [16.02597, 45.86567], [16.02599, 45.86525], [16.02602, 45.86481], [16.02605, 45.86423], [16.02642, 45.86382], [16.02555, 45.86154], [16.02607, 45.86139], [16.02608, 45.86113], [16.02572, 45.86092], [16.02529, 45.86067], [16.02563, 45.85981], [16.0258, 45.85944], [16.02518, 45.85928], [16.0253, 45.8591], [16.02551, 45.85878], [16.02583, 45.8583], [16.02659, 45.85714], [16.02603, 45.85702], [16.02527, 45.85809], [16.02499, 45.85785], [16.02481, 45.85804], [16.02533, 45.85837], [16.02499, 45.85871], [16.0245, 45.85845], [16.02501, 45.85887], [16.02461, 45.85909], [16.02424, 45.85902], [16.02446, 45.85979], [16.02421, 45.86051], [16.02368, 45.86043], [16.02284, 45.86121], [16.02427, 45.86212], [16.02425, 45.86292], [16.02432, 45.8637], [16.02418, 45.86386], [16.024, 45.86405], [16.02355, 45.86382], [16.02288, 45.86348], [16.02161, 45.8628], [16.02155, 45.86289], [16.02057, 45.86435], [16.02129, 45.86472], [16.02076, 45.86527], [16.02035, 45.8651], [16.01969, 45.86598], [16.0194, 45.8663], [16.01909, 45.86663], [16.01863, 45.86711], [16.01839, 45.86735], [16.01935, 45.86771], [16.01921, 45.86808], [16.01973, 45.86822], [16.0199, 45.86767], [16.02078, 45.86756], [16.02042, 45.86846], [16.02136, 45.86913], [16.02215, 45.86961], [16.02193, 45.87039], [16.02212, 45.87059], [16.02238, 45.87074], [16.02275, 45.87071], [16.02298, 45.87087], [16.02299, 45.87095], [16.02315, 45.87123], [16.02321, 45.87116], [16.02315, 45.8709], [16.02318, 45.87078], [16.02307, 45.87075], [16.02296, 45.87032], [16.02334, 45.87007], [16.02388, 45.87075], [16.02405, 45.87104], [16.02439, 45.87114], [16.02454, 45.87128], [16.02415, 45.87131], [16.02424, 45.87158], [16.02358, 45.87188], [16.02324, 45.87177], [16.02285, 45.87204], [16.02283, 45.87143], [16.02274, 45.87099], [16.02237, 45.87098], [16.0217, 45.87028], [16.02099, 45.87026], [16.02033, 45.86989], [16.01967, 45.86934], [16.01895, 45.86927], [16.01879, 45.86905], [16.01844, 45.86916], [16.01828, 45.86921], [16.01853, 45.86956]]]]}}, {"type": "Feature", "properties": {"name": "Lisičine", "ha": 8.8}, "geometry": {"type": "MultiPolygon", "coordinates": [[[[15.86403, 45.82599], [15.86464, 45.82588], [15.86468, 45.82622], [15.8651, 45.8262], [15.86555, 45.82606], [15.8658, 45.82607], [15.86594, 45.82592], [15.86612, 45.8258], [15.8666, 45.82557], [15.86676, 45.82553], [15.86679, 45.82552], [15.86693, 45.82544], [15.86726, 45.8253], [15.86755, 45.82506], [15.8677, 45.8249], [15.86815, 45.82447], [15.86837, 45.82414], [15.86859, 45.82393], [15.86886, 45.82391], [15.86912, 45.82374], [15.86902, 45.82365], [15.86947, 45.82333], [15.86963, 45.82315], [15.86937, 45.82299], [15.86908, 45.82324], [15.86844, 45.82289], [15.86871, 45.82335], [15.86795, 45.82378], [15.86764, 45.82372], [15.86754, 45.82367], [15.86744, 45.82372], [15.86726, 45.82376], [15.8671, 45.82378], [15.86701, 45.82372], [15.86685, 45.82368], [15.86686, 45.82352], [15.86585, 45.82319], [15.86646, 45.82273], [15.86625, 45.82246], [15.86527, 45.82256], [15.86533, 45.82318], [15.865, 45.82326], [15.8648, 45.82294], [15.86459, 45.82298], [15.86441, 45.82275], [15.86394, 45.82312], [15.86398, 45.82316], [15.86439, 45.82353], [15.86426, 45.82372], [15.86431, 45.82372], [15.8647, 45.82369], [15.86459, 45.824], [15.8645, 45.82454], [15.86436, 45.82521], [15.86423, 45.8256], [15.8641, 45.82565], [15.86407, 45.82585], [15.86375, 45.826], [15.86363, 45.82611], [15.86333, 45.82593], [15.86323, 45.82606], [15.86359, 45.82626], [15.86403, 45.82599]]]]}}, {"type": "Feature", "properties": {"name": "Oporovec", "ha": 101.2}, "geometry": {"type": "MultiPolygon", "coordinates": [[[[16.06068, 45.86429], [16.06055, 45.86382], [16.0601, 45.8634], [16.06042, 45.8633], [16.06146, 45.86359], [16.06156, 45.86334], [16.06161, 45.86315], [16.06132, 45.8631], [16.0613, 45.86295], [16.0616, 45.86301], [16.06164, 45.86286], [16.06195, 45.86251], [16.0617, 45.86245], [16.06107, 45.8623], [16.06098, 45.86204], [16.0619, 45.86151], [16.0623, 45.86137], [16.06227, 45.86114], [16.06246, 45.86102], [16.06266, 45.86107], [16.06274, 45.8611], [16.06272, 45.86119], [16.06313, 45.86124], [16.06329, 45.86147], [16.0632, 45.8618], [16.06301, 45.86176], [16.06296, 45.86192], [16.06276, 45.86255], [16.06251, 45.86268], [16.06227, 45.86282], [16.06266, 45.86286], [16.06295, 45.8628], [16.06277, 45.86311], [16.06309, 45.863], [16.0634, 45.86278], [16.06376, 45.86277], [16.06392, 45.86261], [16.0642, 45.86276], [16.06443, 45.86249], [16.06474, 45.86245], [16.06476, 45.86231], [16.06502, 45.86238], [16.06535, 45.8624], [16.06514, 45.86221], [16.06521, 45.86218], [16.0655, 45.86222], [16.06529, 45.86197], [16.06545, 45.8619], [16.0657, 45.86208], [16.06579, 45.86204], [16.06606, 45.86166], [16.06579, 45.86129], [16.06557, 45.86083], [16.06575, 45.86076], [16.06628, 45.86088], [16.06672, 45.86078], [16.06733, 45.86127], [16.06839, 45.86135], [16.06897, 45.86136], [16.06943, 45.86137], [16.06977, 45.86132], [16.07003, 45.86145], [16.07034, 45.86135], [16.07039, 45.86139], [16.07066, 45.86146], [16.07083, 45.86129], [16.07135, 45.86117], [16.07151, 45.86098], [16.07155, 45.86064], [16.07158, 45.86044], [16.0713, 45.85967], [16.07166, 45.8593], [16.07304, 45.85873], [16.07345, 45.8582], [16.07302, 45.85756], [16.07227, 45.85699], [16.07252, 45.85685], [16.07243, 45.85669], [16.07197, 45.85655], [16.07198, 45.85631], [16.07232, 45.85624], [16.07243, 45.85603], [16.07231, 45.85572], [16.07219, 45.85542], [16.07289, 45.85419], [16.07284, 45.85317], [16.07235, 45.85308], [16.07248, 45.8517], [16.07289, 45.8517], [16.07286, 45.85113], [16.07212, 45.85036], [16.07104, 45.84948], [16.07106, 45.84905], [16.07031, 45.84914], [16.07014, 45.84976], [16.07009, 45.84994], [16.07017, 45.85024], [16.06965, 45.85029], [16.06948, 45.8501], [16.06923, 45.85014], [16.06916, 45.85005], [16.06881, 45.85014], [16.0689, 45.85036], [16.06901, 45.85053], [16.06873, 45.85057], [16.06836, 45.85004], [16.06814, 45.84983], [16.06808, 45.8495], [16.06787, 45.84958], [16.06788, 45.84997], [16.06777, 45.84998], [16.06813, 45.85059], [16.06737, 45.85072], [16.06747, 45.85098], [16.0686, 45.8509], [16.06893, 45.8515], [16.06848, 45.8517], [16.0677, 45.85172], [16.06783, 45.85184], [16.06754, 45.85199], [16.06738, 45.85165], [16.06717, 45.85153], [16.06703, 45.85148], [16.06715, 45.85142], [16.06704, 45.8513], [16.06648, 45.85133], [16.06639, 45.85117], [16.06681, 45.85104], [16.06674, 45.85091], [16.0665, 45.85083], [16.06631, 45.8509], [16.06617, 45.85093], [16.06608, 45.85073], [16.06591, 45.85078], [16.06581, 45.85061], [16.06547, 45.85071], [16.06565, 45.85145], [16.06605, 45.85143], [16.06629, 45.85203], [16.06588, 45.85211], [16.06597, 45.85276], [16.06568, 45.85333], [16.06512, 45.85356], [16.06503, 45.85399], [16.06521, 45.85455], [16.06509, 45.85489], [16.06473, 45.85475], [16.06434, 45.8549], [16.06398, 45.85451], [16.06348, 45.85469], [16.06347, 45.85485], [16.06341, 45.85484], [16.06333, 45.85493], [16.06304, 45.85498], [16.06262, 45.85492], [16.06258, 45.85502], [16.06217, 45.85495], [16.06205, 45.8551], [16.06182, 45.85517], [16.06166, 45.85527], [16.0619, 45.85557], [16.0626, 45.85567], [16.06277, 45.8558], [16.06305, 45.85595], [16.0633, 45.85669], [16.063, 45.85659], [16.06265, 45.85633], [16.06205, 45.85598], [16.06189, 45.85614], [16.06169, 45.85633], [16.06121, 45.85619], [16.06039, 45.85594], [16.06026, 45.85606], [16.06093, 45.85663], [16.06168, 45.85727], [16.06163, 45.85737], [16.06228, 45.85758], [16.06278, 45.85795], [16.063, 45.85779], [16.06339, 45.85823], [16.06375, 45.85869], [16.06425, 45.85873], [16.06441, 45.85909], [16.0648, 45.85929], [16.06475, 45.85948], [16.06428, 45.85966], [16.064, 45.85946], [16.06381, 45.85959], [16.0636, 45.85942], [16.06404, 45.85911], [16.06385, 45.85893], [16.06344, 45.85913], [16.06334, 45.85919], [16.06253, 45.85965], [16.06239, 45.86001], [16.06229, 45.86026], [16.0616, 45.86036], [16.06129, 45.86044], [16.06078, 45.86021], [16.06046, 45.85981], [16.06002, 45.85942], [16.05918, 45.86003], [16.05878, 45.86058], [16.05852, 45.86055], [16.05823, 45.86059], [16.05864, 45.86087], [16.05831, 45.86114], [16.05788, 45.86172], [16.05763, 45.86168], [16.05686, 45.86114], [16.05639, 45.861], [16.05615, 45.86183], [16.0562, 45.86217], [16.05619, 45.86269], [16.05658, 45.86268], [16.05658, 45.86307], [16.0568, 45.86327], [16.05818, 45.86369], [16.05908, 45.86422], [16.05939, 45.86409], [16.05956, 45.86427], [16.05942, 45.86455], [16.06015, 45.86484], [16.06049, 45.86481], [16.06061, 45.86462], [16.06083, 45.86462], [16.06064, 45.86498], [16.06089, 45.86525], [16.0617, 45.86524], [16.06184, 45.86541], [16.0614, 45.86592], [16.06155, 45.86606], [16.06212, 45.86613], [16.06273, 45.86611], [16.06266, 45.86576], [16.06336, 45.86581], [16.06329, 45.86564], [16.06304, 45.86568], [16.06292, 45.86556], [16.06307, 45.86542], [16.06296, 45.86542], [16.06195, 45.86535], [16.06181, 45.86513], [16.06295, 45.86489], [16.06307, 45.86494], [16.06311, 45.86528], [16.06319, 45.86526], [16.06317, 45.86495], [16.06299, 45.86473], [16.06282, 45.86451], [16.0626, 45.86462], [16.06249, 45.86453], [16.06256, 45.86437], [16.06241, 45.86427], [16.06229, 45.86435], [16.06172, 45.86472], [16.06128, 45.86481], [16.06109, 45.86472], [16.06151, 45.86453], [16.06129, 45.86418], [16.06122, 45.86407], [16.06091, 45.8643], [16.06068, 45.86429]]]]}}, {"type": "Feature", "properties": {"name": "Susedgrad", "ha": 6.9}, "geometry": {"type": "MultiPolygon", "coordinates": [[[[15.83072, 45.81829], [15.83095, 45.81831], [15.83099, 45.81838], [15.83155, 45.81825], [15.83165, 45.81828], [15.83145, 45.81839], [15.83114, 45.81845], [15.83089, 45.81858], [15.83104, 45.81866], [15.83143, 45.81873], [15.83137, 45.81889], [15.8315, 45.81903], [15.83161, 45.8192], [15.83153, 45.81944], [15.83173, 45.8198], [15.83199, 45.81986], [15.83227, 45.81981], [15.83242, 45.81959], [15.8327, 45.81952], [15.83279, 45.81954], [15.8328, 45.81977], [15.83265, 45.82045], [15.83264, 45.82059], [15.83261, 45.821], [15.83244, 45.82137], [15.83203, 45.82167], [15.83158, 45.82197], [15.83108, 45.8222], [15.8307, 45.82235], [15.83045, 45.8223], [15.83069, 45.82204], [15.83098, 45.82175], [15.83071, 45.8216], [15.83026, 45.82131], [15.82972, 45.8212], [15.8294, 45.821], [15.82951, 45.82085], [15.82954, 45.8208], [15.82952, 45.82074], [15.82943, 45.82071], [15.82935, 45.82073], [15.82928, 45.82079], [15.82919, 45.8209], [15.82902, 45.82087], [15.82915, 45.8206], [15.82938, 45.82014], [15.82973, 45.81945], [15.82987, 45.81946], [15.82982, 45.81971], [15.82992, 45.8197], [15.83018, 45.81908], [15.83042, 45.81855], [15.83072, 45.81829]]]]}}, {"type": "Feature", "properties": {"name": "Vrhovec", "ha": 30.2}, "geometry": {"type": "MultiPolygon", "coordinates": [[[[15.94584, 45.82162], [15.94557, 45.82175], [15.94539, 45.8219], [15.94531, 45.82177], [15.94513, 45.82165], [15.94525, 45.82152], [15.94495, 45.82138], [15.9448, 45.82162], [15.94502, 45.82189], [15.94509, 45.82212], [15.94474, 45.8223], [15.94469, 45.82251], [15.94467, 45.82286], [15.94426, 45.82298], [15.94406, 45.82317], [15.94441, 45.82364], [15.94453, 45.82385], [15.94465, 45.82408], [15.94486, 45.82442], [15.94507, 45.8247], [15.94501, 45.82487], [15.94541, 45.82535], [15.94529, 45.8255], [15.94498, 45.82548], [15.94471, 45.82554], [15.94497, 45.82603], [15.94513, 45.82659], [15.94514, 45.82714], [15.94509, 45.82746], [15.94501, 45.82787], [15.9448, 45.82802], [15.94461, 45.8287], [15.94465, 45.82935], [15.94483, 45.83022], [15.94515, 45.83072], [15.94539, 45.83095], [15.94556, 45.83171], [15.94587, 45.83199], [15.94651, 45.83248], [15.94714, 45.83286], [15.9476, 45.83333], [15.94793, 45.83415], [15.94783, 45.83433], [15.94755, 45.83429], [15.94753, 45.83411], [15.94733, 45.83412], [15.94736, 45.83395], [15.94749, 45.83391], [15.94745, 45.83379], [15.94729, 45.83356], [15.94706, 45.83367], [15.94716, 45.83385], [15.947, 45.8339], [15.94679, 45.83358], [15.94668, 45.8335], [15.94647, 45.8334], [15.94593, 45.83308], [15.94586, 45.83321], [15.94544, 45.83274], [15.94537, 45.83307], [15.94557, 45.83312], [15.94572, 45.83327], [15.94573, 45.83345], [15.94536, 45.83348], [15.9454, 45.83429], [15.94624, 45.83432], [15.94653, 45.8353], [15.94663, 45.83596], [15.94653, 45.83604], [15.94653, 45.83635], [15.94653, 45.83643], [15.94653, 45.83673], [15.94697, 45.83707], [15.94792, 45.83707], [15.9479, 45.83694], [15.94797, 45.83695], [15.94847, 45.83694], [15.94846, 45.8371], [15.94866, 45.8371], [15.94895, 45.83718], [15.94917, 45.83725], [15.94919, 45.83734], [15.94936, 45.8373], [15.94949, 45.83727], [15.94923, 45.83709], [15.94927, 45.83698], [15.94941, 45.83701], [15.94954, 45.83702], [15.94962, 45.83703], [15.94988, 45.83698], [15.94967, 45.83683], [15.94957, 45.83672], [15.94907, 45.83669], [15.94875, 45.83666], [15.94877, 45.83644], [15.94907, 45.83644], [15.94933, 45.83597], [15.94921, 45.83585], [15.94936, 45.8358], [15.94841, 45.83577], [15.94837, 45.83564], [15.94836, 45.83526], [15.94933, 45.83523], [15.94936, 45.8351], [15.94942, 45.835], [15.9491, 45.83499], [15.94911, 45.8348], [15.94855, 45.8348], [15.94854, 45.83464], [15.94896, 45.83463], [15.94896, 45.83455], [15.94868, 45.83456], [15.9486, 45.83416], [15.94875, 45.83345], [15.94833, 45.8329], [15.94795, 45.83251], [15.94813, 45.83234], [15.94844, 45.8325], [15.94875, 45.83277], [15.94892, 45.83311], [15.94907, 45.83345], [15.94926, 45.83363], [15.94945, 45.83377], [15.94915, 45.83336], [15.94868, 45.83252], [15.94855, 45.832], [15.94849, 45.83166], [15.94834, 45.83115], [15.94817, 45.83106], [15.94809, 45.83087], [15.94816, 45.83078], [15.94831, 45.83072], [15.94828, 45.83048], [15.9484, 45.82979], [15.94846, 45.82893], [15.94848, 45.8286], [15.94837, 45.8284], [15.94782, 45.82854], [15.94804, 45.8281], [15.94774, 45.82778], [15.94794, 45.82769], [15.94771, 45.8273], [15.94742, 45.8269], [15.94727, 45.82641], [15.94722, 45.82624], [15.94703, 45.8257], [15.94688, 45.82504], [15.94655, 45.82504], [15.94639, 45.82503], [15.9461, 45.82501], [15.94599, 45.82472], [15.94587, 45.82455], [15.94555, 45.82452], [15.94541, 45.82427], [15.9453, 45.82407], [15.94518, 45.82343], [15.94515, 45.8232], [15.94528, 45.82314], [15.94528, 45.82302], [15.94557, 45.82302], [15.94579, 45.82277], [15.94563, 45.82273], [15.94574, 45.82254], [15.94586, 45.82244], [15.94559, 45.82241], [15.94566, 45.82217], [15.9459, 45.82217], [15.94577, 45.82182], [15.94584, 45.82162]]]]}}, {"type": "Feature", "properties": {"name": "Pantovčak", "ha": 104.9}, "geometry": {"type": "MultiPolygon", "coordinates": [[[[15.9604, 45.83848], [15.95981, 45.8387], [15.95935, 45.83905], [15.95881, 45.83939], [15.95782, 45.84046], [15.95757, 45.8407], [15.95759, 45.8408], [15.9575, 45.84095], [15.95689, 45.84081], [15.95657, 45.84116], [15.95637, 45.8414], [15.95618, 45.84138], [15.95614, 45.84151], [15.95638, 45.84158], [15.95643, 45.84168], [15.95626, 45.84174], [15.95601, 45.84178], [15.95594, 45.84187], [15.95588, 45.84201], [15.95597, 45.84202], [15.95603, 45.84195], [15.95625, 45.84209], [15.95645, 45.84199], [15.95656, 45.84212], [15.95668, 45.84227], [15.95661, 45.84255], [15.95632, 45.84283], [15.956, 45.84262], [15.95578, 45.84249], [15.95572, 45.84226], [15.95585, 45.84217], [15.95564, 45.842], [15.95579, 45.84161], [15.95569, 45.84147], [15.95584, 45.84124], [15.95577, 45.84115], [15.95536, 45.84097], [15.9554, 45.84087], [15.95564, 45.84076], [15.95603, 45.8409], [15.95634, 45.84089], [15.9566, 45.84066], [15.95654, 45.84057], [15.95659, 45.84037], [15.9569, 45.84], [15.95717, 45.83981], [15.95764, 45.83917], [15.9577, 45.83898], [15.95667, 45.83793], [15.95687, 45.83713], [15.95725, 45.8372], [15.95715, 45.83644], [15.95725, 45.83619], [15.95737, 45.83609], [15.95756, 45.83603], [15.9578, 45.83604], [15.95799, 45.83618], [15.95815, 45.83655], [15.95834, 45.83686], [15.95855, 45.83712], [15.95861, 45.83728], [15.95871, 45.8375], [15.95878, 45.83769], [15.95883, 45.83791], [15.95869, 45.83809], [15.95852, 45.83831], [15.95837, 45.83868], [15.95846, 45.83889], [15.95862, 45.83877], [15.9589, 45.83824], [15.95935, 45.83795], [15.95958, 45.83764], [15.95991, 45.83775], [15.95962, 45.83811], [15.95967, 45.8383], [15.96013, 45.8382], [15.96026, 45.83826], [15.96068, 45.83813], [15.96067, 45.83807], [15.96023, 45.83818], [15.96017, 45.83802], [15.96035, 45.8377], [15.96064, 45.83716], [15.95999, 45.83692], [15.95998, 45.83623], [15.96002, 45.83586], [15.95995, 45.83555], [15.96006, 45.83542], [15.96025, 45.83491], [15.96049, 45.83449], [15.96082, 45.8344], [15.9609, 45.83427], [15.96062, 45.83429], [15.96046, 45.83418], [15.96054, 45.83399], [15.96092, 45.83396], [15.96117, 45.8342], [15.96123, 45.83466], [15.96131, 45.83515], [15.9615, 45.83559], [15.9617, 45.83548], [15.96184, 45.83549], [15.96209, 45.83538], [15.96199, 45.83531], [15.96196, 45.83481], [15.96223, 45.83466], [15.9622, 45.8345], [15.96217, 45.83388], [15.96215, 45.83313], [15.96211, 45.83235], [15.96201, 45.83158], [15.96193, 45.83127], [15.96176, 45.83074], [15.96154, 45.83036], [15.9615, 45.82986], [15.96128, 45.82985], [15.96115, 45.82941], [15.96102, 45.82904], [15.96082, 45.82903], [15.96058, 45.82908], [15.96044, 45.82876], [15.96028, 45.8283], [15.96009, 45.8279], [15.96009, 45.82764], [15.96042, 45.82744], [15.96034, 45.82693], [15.9605, 45.82651], [15.9605, 45.82609], [15.96025, 45.82608], [15.96015, 45.82609], [15.96, 45.82612], [15.95962, 45.82619], [15.95938, 45.82626], [15.9595, 45.82651], [15.95971, 45.82691], [15.95943, 45.82707], [15.95926, 45.82722], [15.9592, 45.82747], [15.95935, 45.82767], [15.9594, 45.82788], [15.95924, 45.82787], [15.95906, 45.82768], [15.95879, 45.82752], [15.95867, 45.82746], [15.95847, 45.82741], [15.95862, 45.82724], [15.95869, 45.82712], [15.95856, 45.82698], [15.95861, 45.82681], [15.95891, 45.82665], [15.95892, 45.82647], [15.95893, 45.82632], [15.95893, 45.82621], [15.95901, 45.82593], [15.95899, 45.82583], [15.95899, 45.82579], [15.95894, 45.82542], [15.95883, 45.82526], [15.95859, 45.82532], [15.9578, 45.82545], [15.95741, 45.82534], [15.95735, 45.82539], [15.95691, 45.82549], [15.95671, 45.82553], [15.95666, 45.82559], [15.95656, 45.82602], [15.9564, 45.82642], [15.95636, 45.82656], [15.95715, 45.82693], [15.95746, 45.82714], [15.95723, 45.82748], [15.95681, 45.82761], [15.95676, 45.82795], [15.95687, 45.82828], [15.95644, 45.82842], [15.95599, 45.82837], [15.95582, 45.82863], [15.95541, 45.82854], [15.95511, 45.82916], [15.9548, 45.82943], [15.95404, 45.8298], [15.95412, 45.83007], [15.95437, 45.83014], [15.9544, 45.83026], [15.9538, 45.83045], [15.95341, 45.8305], [15.9532, 45.8307], [15.95351, 45.83083], [15.95331, 45.831], [15.95305, 45.8309], [15.95254, 45.83086], [15.95244, 45.83122], [15.95242, 45.83147], [15.95244, 45.83196], [15.95217, 45.83229], [15.9517, 45.83301], [15.95134, 45.83355], [15.95109, 45.83371], [15.95089, 45.83385], [15.951, 45.83392], [15.9512, 45.83394], [15.95148, 45.83389], [15.95166, 45.83408], [15.95178, 45.83438], [15.95148, 45.83476], [15.95118, 45.83484], [15.951, 45.83482], [15.95044, 45.83456], [15.95081, 45.83527], [15.95121, 45.83554], [15.95149, 45.83516], [15.95178, 45.83486], [15.95198, 45.83463], [15.95201, 45.83459], [15.95225, 45.83419], [15.95226, 45.83401], [15.95232, 45.8339], [15.95231, 45.83384], [15.95232, 45.83374], [15.95233, 45.83369], [15.95228, 45.83332], [15.95218, 45.83277], [15.95223, 45.83275], [15.9523, 45.83276], [15.95233, 45.83303], [15.95243, 45.83364], [15.95249, 45.83386], [15.95234, 45.83439], [15.95221, 45.83464], [15.95191, 45.83494], [15.95163, 45.83526], [15.95151, 45.83546], [15.95142, 45.83564], [15.95155, 45.83596], [15.95151, 45.83643], [15.95161, 45.83663], [15.95216, 45.83642], [15.95228, 45.83658], [15.95174, 45.83677], [15.95183, 45.83691], [15.95186, 45.83691], [15.95187, 45.83693], [15.95184, 45.83693], [15.95192, 45.8371], [15.95257, 45.837], [15.9529, 45.83678], [15.95296, 45.83683], [15.95301, 45.8369], [15.95309, 45.83713], [15.95312, 45.83741], [15.95217, 45.83765], [15.95228, 45.83797], [15.95213, 45.83875], [15.9522, 45.83932], [15.95235, 45.83965], [15.95232, 45.83992], [15.95228, 45.8402], [15.95257, 45.84073], [15.95293, 45.84054], [15.95319, 45.84065], [15.95385, 45.84068], [15.95438, 45.84065], [15.95465, 45.84108], [15.95447, 45.84127], [15.95459, 45.84145], [15.95433, 45.8416], [15.95433, 45.84183], [15.95326, 45.84196], [15.95336, 45.8423], [15.95333, 45.84256], [15.9531, 45.84311], [15.95303, 45.84328], [15.95332, 45.84431], [15.95364, 45.84429], [15.9537, 45.84472], [15.95336, 45.84474], [15.95262, 45.84456], [15.95222, 45.84514], [15.95223, 45.84533], [15.95226, 45.84545], [15.95192, 45.8456], [15.95193, 45.84571], [15.9521, 45.84571], [15.95226, 45.8458], [15.9526, 45.84593], [15.95284, 45.84612], [15.95331, 45.84622], [15.9535, 45.84619], [15.95374, 45.84625], [15.95404, 45.84637], [15.95419, 45.84628], [15.95436, 45.84613], [15.95409, 45.84599], [15.95406, 45.84575], [15.95426, 45.84545], [15.95451, 45.84531], [15.95488, 45.84541], [15.95497, 45.84572], [15.95516, 45.8458], [15.9558, 45.84544], [15.95645, 45.84482], [15.95681, 45.84492], [15.95684, 45.84516], [15.95757, 45.84546], [15.9577, 45.84535], [15.95758, 45.84521], [15.95746, 45.84503], [15.95724, 45.84443], [15.95718, 45.84395], [15.95663, 45.84393], [15.95713, 45.8427], [15.95753, 45.84203], [15.95721, 45.84196], [15.95704, 45.84188], [15.95701, 45.84185], [15.95703, 45.84163], [15.95708, 45.84141], [15.95713, 45.84123], [15.9572, 45.8412], [15.95739, 45.84097], [15.95818, 45.84118], [15.95835, 45.84096], [15.95846, 45.84087], [15.95861, 45.84092], [15.95908, 45.84037], [15.95952, 45.83994], [15.95969, 45.83931], [15.95999, 45.83894], [15.96024, 45.83867], [15.9604, 45.83848]]]]}}, {"type": "Feature", "properties": {"name": "Zelengaj", "ha": 43.8}, "geometry": {"type": "MultiPolygon", "coordinates": [[[[15.96729, 45.82697], [15.96748, 45.82673], [15.96781, 45.82656], [15.96784, 45.82645], [15.96803, 45.82644], [15.96799, 45.82609], [15.96768, 45.82532], [15.96854, 45.82526], [15.96874, 45.82585], [15.96917, 45.82605], [15.96897, 45.82641], [15.96849, 45.82657], [15.96848, 45.82699], [15.96843, 45.827], [15.96839, 45.827], [15.96844, 45.82777], [15.96863, 45.82797], [15.96869, 45.82796], [15.96878, 45.82851], [15.96891, 45.82849], [15.96923, 45.82844], [15.96892, 45.82793], [15.96879, 45.82771], [15.96883, 45.82769], [15.96891, 45.82768], [15.96904, 45.82768], [15.96947, 45.82768], [15.96948, 45.82763], [15.9695, 45.82757], [15.96954, 45.82752], [15.96959, 45.82748], [15.96962, 45.82746], [15.9697, 45.82744], [15.96972, 45.82748], [15.96975, 45.82748], [15.9698, 45.82749], [15.97018, 45.8276], [15.97041, 45.82769], [15.97052, 45.82772], [15.97097, 45.8279], [15.971, 45.82793], [15.97101, 45.82796], [15.9712, 45.82796], [15.97114, 45.82785], [15.971, 45.82761], [15.97101, 45.82754], [15.97129, 45.82746], [15.97121, 45.8273], [15.97106, 45.82701], [15.97093, 45.82705], [15.97081, 45.82684], [15.97075, 45.82686], [15.97066, 45.82668], [15.97055, 45.82671], [15.97044, 45.82649], [15.97053, 45.82646], [15.97022, 45.82621], [15.97009, 45.82626], [15.9699, 45.82609], [15.96972, 45.82583], [15.96932, 45.82538], [15.96947, 45.82531], [15.97001, 45.82482], [15.97023, 45.82473], [15.97005, 45.82433], [15.96997, 45.82401], [15.96986, 45.82362], [15.96979, 45.82278], [15.9697, 45.82251], [15.96958, 45.82145], [15.96916, 45.82141], [15.96903, 45.82155], [15.96893, 45.82167], [15.96887, 45.82184], [15.96876, 45.82189], [15.96865, 45.82187], [15.96853, 45.82181], [15.96849, 45.82163], [15.96847, 45.82154], [15.96836, 45.82141], [15.96777, 45.82152], [15.96761, 45.82154], [15.96739, 45.82128], [15.96734, 45.8213], [15.9672, 45.8213], [15.96712, 45.82128], [15.96702, 45.82124], [15.96693, 45.82119], [15.96686, 45.82112], [15.96669, 45.82079], [15.96658, 45.82081], [15.96648, 45.82068], [15.96644, 45.8206], [15.96641, 45.82061], [15.96632, 45.8204], [15.96629, 45.82037], [15.96616, 45.82039], [15.96584, 45.82046], [15.96586, 45.82026], [15.96582, 45.82009], [15.96595, 45.82003], [15.96629, 45.81995], [15.96656, 45.8199], [15.9665, 45.81982], [15.96624, 45.81977], [15.96621, 45.81974], [15.96619, 45.8196], [15.96623, 45.81948], [15.96633, 45.81944], [15.9664, 45.81942], [15.96634, 45.81914], [15.96627, 45.81887], [15.96615, 45.81871], [15.96583, 45.8183], [15.96543, 45.8177], [15.96509, 45.81776], [15.96444, 45.81686], [15.96487, 45.8167], [15.96468, 45.81661], [15.96456, 45.8161], [15.96449, 45.81599], [15.96446, 45.81583], [15.96448, 45.81564], [15.96445, 45.81554], [15.96438, 45.81545], [15.96413, 45.8155], [15.96392, 45.81655], [15.96409, 45.81672], [15.96405, 45.81688], [15.96377, 45.81691], [15.9639, 45.81752], [15.96398, 45.81772], [15.96431, 45.81763], [15.96442, 45.81775], [15.96393, 45.81799], [15.96393, 45.81811], [15.96388, 45.81813], [15.96437, 45.81853], [15.96442, 45.81858], [15.96496, 45.81904], [15.96522, 45.81966], [15.96544, 45.82029], [15.9654, 45.8203], [15.96564, 45.82102], [15.9659, 45.82136], [15.96615, 45.82155], [15.96583, 45.82164], [15.96506, 45.82184], [15.96475, 45.82134], [15.96427, 45.82031], [15.96388, 45.82037], [15.96369, 45.82049], [15.9637, 45.82073], [15.96373, 45.82097], [15.96355, 45.82098], [15.9636, 45.82111], [15.96401, 45.82106], [15.9641, 45.82128], [15.96394, 45.82131], [15.964, 45.82141], [15.96382, 45.82145], [15.96387, 45.82156], [15.96373, 45.82161], [15.96386, 45.82182], [15.96434, 45.82167], [15.96449, 45.82191], [15.96464, 45.82283], [15.96448, 45.82327], [15.96393, 45.82412], [15.96358, 45.82405], [15.96326, 45.82445], [15.96306, 45.82469], [15.96388, 45.8249], [15.96432, 45.82508], [15.96458, 45.82543], [15.96324, 45.82603], [15.96347, 45.82626], [15.96297, 45.8265], [15.96313, 45.82672], [15.96366, 45.82652], [15.96373, 45.8268], [15.96373, 45.82746], [15.9634, 45.82748], [15.96343, 45.82817], [15.96344, 45.82837], [15.96361, 45.82836], [15.9636, 45.82851], [15.96375, 45.82851], [15.96398, 45.82851], [15.96416, 45.82876], [15.96405, 45.82914], [15.96364, 45.82923], [15.96349, 45.82926], [15.96244, 45.8294], [15.96255, 45.83006], [15.96279, 45.83006], [15.96295, 45.83088], [15.96321, 45.83165], [15.96325, 45.83259], [15.9635, 45.83292], [15.96407, 45.83307], [15.96474, 45.83297], [15.9651, 45.83248], [15.96535, 45.83135], [15.96518, 45.83132], [15.96521, 45.8312], [15.96537, 45.83068], [15.96527, 45.83067], [15.96543, 45.8302], [15.96544, 45.82996], [15.96565, 45.82996], [15.96562, 45.82942], [15.9657, 45.82942], [15.96574, 45.82913], [15.96577, 45.82881], [15.96572, 45.8281], [15.96577, 45.82763], [15.96549, 45.82762], [15.96549, 45.82749], [15.96579, 45.82749], [15.96587, 45.8273], [15.96591, 45.82682], [15.96514, 45.82677], [15.9652, 45.82641], [15.96508, 45.8264], [15.96514, 45.82611], [15.96589, 45.82618], [15.96595, 45.82587], [15.96533, 45.82578], [15.9654, 45.82549], [15.96571, 45.82547], [15.96586, 45.82531], [15.9663, 45.82533], [15.96643, 45.82534], [15.96656, 45.82539], [15.9667, 45.82546], [15.96704, 45.8255], [15.96721, 45.8258], [15.96687, 45.82581], [15.96685, 45.82602], [15.96713, 45.82603], [15.9671, 45.82637], [15.9671, 45.82641], [15.96647, 45.82655], [15.9664, 45.82735], [15.96658, 45.82726], [15.96698, 45.82699], [15.96729, 45.82697]]]]}}, {"type": "Feature", "properties": {"name": "Mirogoj", "ha": 37.1}, "geometry": {"type": "MultiPolygon", "coordinates": [[[[15.98217, 45.84612], [15.98245, 45.84629], [15.98268, 45.84641], [15.98284, 45.84663], [15.98284, 45.84694], [15.98282, 45.84719], [15.9829, 45.84733], [15.98303, 45.84749], [15.98332, 45.84779], [15.98359, 45.84784], [15.98385, 45.84783], [15.98417, 45.84771], [15.98447, 45.8476], [15.98475, 45.84759], [15.9849, 45.84734], [15.98525, 45.84734], [15.98561, 45.84749], [15.98543, 45.84778], [15.98544, 45.84805], [15.98564, 45.84814], [15.98589, 45.8489], [15.98631, 45.84891], [15.98654, 45.84918], [15.98714, 45.84918], [15.9872, 45.84914], [15.98745, 45.84899], [15.98766, 45.84848], [15.98723, 45.84802], [15.98728, 45.84789], [15.98705, 45.84771], [15.98716, 45.8476], [15.9881, 45.84797], [15.98889, 45.84766], [15.98874, 45.84751], [15.98863, 45.84733], [15.98862, 45.84719], [15.98869, 45.84706], [15.98893, 45.847], [15.98927, 45.84699], [15.98946, 45.84699], [15.98962, 45.84678], [15.98948, 45.84649], [15.98948, 45.84634], [15.98977, 45.8462], [15.98982, 45.84585], [15.98998, 45.84578], [15.99014, 45.84571], [15.9903, 45.8458], [15.99045, 45.84576], [15.99041, 45.84518], [15.99037, 45.84463], [15.99033, 45.84424], [15.99011, 45.84386], [15.99, 45.84358], [15.98968, 45.84332], [15.98948, 45.84313], [15.98938, 45.84294], [15.98963, 45.84284], [15.98989, 45.84277], [15.98977, 45.84255], [15.98974, 45.84232], [15.98983, 45.84211], [15.98983, 45.84179], [15.98979, 45.84157], [15.98951, 45.84158], [15.9896, 45.84131], [15.98989, 45.84129], [15.98986, 45.84094], [15.98981, 45.84051], [15.98983, 45.84019], [15.98951, 45.84016], [15.98955, 45.8398], [15.98958, 45.83958], [15.98959, 45.83932], [15.98983, 45.83924], [15.98983, 45.83903], [15.98959, 45.83896], [15.98961, 45.83873], [15.98961, 45.83854], [15.98948, 45.83846], [15.98958, 45.83833], [15.98988, 45.83839], [15.99031, 45.83842], [15.9903, 45.83826], [15.98954, 45.83804], [15.98968, 45.8378], [15.98981, 45.8376], [15.99001, 45.83736], [15.99009, 45.83727], [15.99025, 45.83725], [15.99041, 45.83677], [15.99062, 45.8365], [15.99068, 45.83615], [15.98993, 45.83663], [15.98987, 45.83695], [15.98923, 45.83758], [15.98892, 45.83793], [15.98873, 45.83821], [15.98871, 45.83858], [15.98887, 45.83879], [15.98887, 45.83907], [15.98842, 45.83911], [15.98832, 45.83856], [15.98824, 45.83824], [15.98848, 45.8379], [15.98883, 45.83756], [15.9894, 45.83696], [15.98954, 45.83671], [15.98956, 45.83629], [15.98973, 45.83615], [15.9899, 45.83599], [15.99007, 45.8358], [15.9902, 45.83568], [15.99025, 45.83552], [15.99038, 45.83553], [15.99059, 45.8356], [15.99078, 45.83548], [15.99112, 45.83514], [15.99136, 45.83487], [15.99157, 45.8347], [15.99191, 45.83447], [15.99223, 45.83442], [15.99272, 45.83411], [15.99371, 45.83346], [15.99438, 45.83317], [15.99447, 45.83313], [15.99497, 45.83292], [15.9944, 45.83293], [15.99379, 45.83314], [15.99251, 45.83371], [15.99114, 45.83443], [15.99041, 45.8349], [15.98928, 45.83582], [15.98862, 45.83645], [15.98836, 45.83697], [15.98796, 45.83749], [15.98731, 45.83798], [15.98651, 45.83837], [15.98659, 45.83854], [15.98647, 45.83867], [15.98702, 45.83902], [15.98728, 45.83906], [15.98742, 45.83917], [15.98742, 45.83937], [15.9869, 45.83947], [15.98692, 45.83953], [15.98724, 45.83981], [15.98731, 45.84037], [15.98711, 45.84092], [15.98706, 45.84113], [15.9866, 45.84125], [15.98646, 45.84128], [15.98642, 45.84148], [15.98652, 45.84156], [15.98672, 45.84171], [15.98671, 45.84199], [15.98619, 45.84195], [15.9856, 45.8422], [15.98539, 45.84277], [15.98528, 45.84341], [15.98503, 45.84368], [15.98473, 45.84396], [15.98468, 45.84415], [15.98507, 45.8441], [15.98541, 45.84401], [15.9858, 45.84402], [15.98629, 45.84405], [15.9865, 45.84397], [15.9869, 45.8435], [15.98731, 45.84304], [15.98766, 45.84265], [15.98793, 45.84257], [15.98807, 45.84264], [15.98813, 45.84327], [15.98798, 45.84361], [15.9879, 45.84388], [15.98768, 45.84413], [15.98732, 45.84462], [15.98703, 45.84507], [15.98676, 45.84516], [15.98661, 45.84511], [15.98632, 45.84479], [15.98575, 45.84539], [15.98566, 45.84576], [15.98579, 45.84588], [15.9858, 45.84608], [15.98561, 45.84657], [15.98521, 45.84707], [15.98458, 45.84681], [15.98434, 45.84661], [15.98407, 45.84704], [15.98354, 45.84696], [15.98357, 45.84637], [15.9837, 45.8459], [15.9837, 45.8458], [15.98369, 45.8458], [15.98338, 45.84563], [15.98271, 45.84581], [15.98214, 45.84604], [15.98217, 45.84612]]]]}}, {"type": "Feature", "properties": {"name": "Granešina", "ha": 20.7}, "geometry": {"type": "MultiPolygon", "coordinates": [[[[16.0524, 45.85097], [16.05226, 45.85096], [16.05149, 45.85121], [16.05093, 45.85197], [16.05082, 45.85274], [16.05081, 45.85303], [16.05096, 45.85315], [16.05108, 45.85339], [16.05075, 45.85379], [16.05016, 45.85403], [16.04983, 45.85423], [16.04979, 45.85441], [16.04986, 45.85464], [16.05029, 45.85472], [16.05024, 45.85515], [16.05022, 45.8553], [16.05014, 45.85541], [16.04975, 45.85519], [16.04936, 45.85504], [16.0489, 45.85491], [16.04854, 45.85484], [16.04835, 45.85477], [16.04809, 45.85462], [16.04782, 45.8544], [16.04765, 45.85417], [16.04749, 45.85386], [16.04727, 45.85334], [16.04715, 45.85293], [16.047, 45.85273], [16.04688, 45.85265], [16.04698, 45.85258], [16.04714, 45.85267], [16.04729, 45.85258], [16.04729, 45.8524], [16.04685, 45.8522], [16.04645, 45.85203], [16.04621, 45.85215], [16.0463, 45.85227], [16.04618, 45.85239], [16.04623, 45.85252], [16.04594, 45.85253], [16.04546, 45.85251], [16.04624, 45.85187], [16.04697, 45.85175], [16.04768, 45.85103], [16.04808, 45.85063], [16.04823, 45.85073], [16.04833, 45.8508], [16.04851, 45.85086], [16.04873, 45.85086], [16.04927, 45.85103], [16.04955, 45.85138], [16.04991, 45.85144], [16.05059, 45.85124], [16.05128, 45.85067], [16.05175, 45.85057], [16.05234, 45.85064], [16.05255, 45.85064], [16.0527, 45.85075], [16.05265, 45.85124], [16.05277, 45.8513], [16.05313, 45.85138], [16.05337, 45.85111], [16.05309, 45.85088], [16.05316, 45.8507], [16.0543, 45.85107], [16.05477, 45.85132], [16.05443, 45.85169], [16.0537, 45.85212], [16.05464, 45.85234], [16.05442, 45.85329], [16.05445, 45.85351], [16.0545, 45.85387], [16.05443, 45.85395], [16.05425, 45.85417], [16.05412, 45.85448], [16.05409, 45.85471], [16.05401, 45.85491], [16.05437, 45.85497], [16.0543, 45.85516], [16.05406, 45.8551], [16.05401, 45.85529], [16.05384, 45.85544], [16.05362, 45.85536], [16.05329, 45.85541], [16.05245, 45.85556], [16.05092, 45.85612], [16.05076, 45.85609], [16.05048, 45.85602], [16.05056, 45.85544], [16.05074, 45.85528], [16.05117, 45.85492], [16.05149, 45.85511], [16.05184, 45.85509], [16.05192, 45.85479], [16.05236, 45.85474], [16.05302, 45.85457], [16.05288, 45.85413], [16.05318, 45.85388], [16.05279, 45.85378], [16.05248, 45.85364], [16.05239, 45.85343], [16.0524, 45.85271], [16.05201, 45.85257], [16.05242, 45.85208], [16.05253, 45.85194], [16.05285, 45.85164], [16.05236, 45.8515], [16.0522, 45.85146], [16.0524, 45.85097]]]]}}, {"type": "Feature", "properties": {"name": "Maksimir", "ha": 164.4}, "geometry": {"type": "MultiPolygon", "coordinates": [[[[16.02602, 45.82661], [16.02605, 45.82679], [16.02607, 45.82688], [16.02623, 45.82714], [16.02666, 45.82757], [16.02665, 45.82791], [16.02671, 45.82833], [16.02656, 45.82844], [16.02641, 45.82846], [16.02602, 45.82861], [16.02565, 45.82835], [16.02577, 45.82818], [16.02557, 45.82803], [16.02566, 45.82773], [16.02538, 45.82735], [16.02497, 45.82749], [16.02475, 45.82723], [16.02453, 45.82739], [16.0247, 45.82785], [16.02434, 45.82785], [16.02406, 45.82843], [16.02437, 45.82871], [16.02464, 45.82823], [16.02484, 45.8281], [16.02491, 45.82812], [16.02513, 45.8282], [16.02547, 45.82853], [16.02625, 45.82906], [16.02658, 45.82929], [16.02672, 45.82948], [16.02705, 45.82954], [16.02747, 45.8297], [16.02726, 45.82981], [16.02716, 45.82995], [16.02707, 45.83051], [16.0269, 45.8309], [16.02685, 45.83098], [16.02671, 45.83111], [16.02664, 45.83129], [16.02648, 45.83134], [16.02578, 45.83092], [16.02572, 45.83086], [16.02562, 45.83078], [16.02508, 45.83046], [16.02448, 45.83081], [16.02454, 45.83095], [16.02438, 45.83102], [16.02427, 45.83099], [16.02358, 45.83138], [16.02338, 45.83164], [16.02367, 45.83181], [16.02464, 45.83128], [16.02525, 45.83105], [16.02556, 45.83096], [16.02575, 45.83111], [16.02514, 45.8314], [16.0245, 45.83194], [16.02394, 45.83264], [16.02325, 45.83324], [16.02288, 45.83344], [16.02266, 45.83376], [16.0227, 45.83386], [16.02287, 45.83393], [16.02336, 45.83371], [16.02458, 45.83303], [16.02494, 45.83278], [16.02554, 45.83243], [16.0257, 45.83239], [16.02576, 45.83247], [16.02593, 45.8325], [16.02596, 45.83244], [16.02609, 45.83235], [16.02624, 45.83239], [16.02635, 45.83235], [16.02653, 45.83241], [16.0266, 45.83246], [16.02677, 45.83248], [16.027, 45.83244], [16.02707, 45.83219], [16.02705, 45.83192], [16.02675, 45.83156], [16.02711, 45.83148], [16.02765, 45.83132], [16.02803, 45.83124], [16.02822, 45.83107], [16.02817, 45.83054], [16.02838, 45.83039], [16.02858, 45.8304], [16.02887, 45.83066], [16.02913, 45.83079], [16.02922, 45.83111], [16.02891, 45.83126], [16.0288, 45.83171], [16.02873, 45.83215], [16.02891, 45.83242], [16.02916, 45.83232], [16.02941, 45.83248], [16.0293, 45.8327], [16.02934, 45.83279], [16.02925, 45.83306], [16.02909, 45.83309], [16.02918, 45.83326], [16.02909, 45.83363], [16.02907, 45.83363], [16.02891, 45.83375], [16.02882, 45.8342], [16.02835, 45.83487], [16.02753, 45.83557], [16.02661, 45.8362], [16.02607, 45.83647], [16.02505, 45.83657], [16.02426, 45.83691], [16.02389, 45.83694], [16.02298, 45.83697], [16.02296, 45.83703], [16.02296, 45.83719], [16.02297, 45.83725], [16.02299, 45.8373], [16.02307, 45.83737], [16.02312, 45.83745], [16.02316, 45.83764], [16.02317, 45.83768], [16.02311, 45.83777], [16.02301, 45.8378], [16.02291, 45.83779], [16.02289, 45.83776], [16.02288, 45.83774], [16.02294, 45.83772], [16.02298, 45.83769], [16.023, 45.83763], [16.02302, 45.83755], [16.02301, 45.83749], [16.02298, 45.83746], [16.02285, 45.83735], [16.02273, 45.83722], [16.02266, 45.83718], [16.0226, 45.83717], [16.02254, 45.83718], [16.02201, 45.83762], [16.02193, 45.8377], [16.02179, 45.83792], [16.02155, 45.83828], [16.02152, 45.83836], [16.02153, 45.83838], [16.02179, 45.83853], [16.02193, 45.83845], [16.02202, 45.83841], [16.0221, 45.83839], [16.02219, 45.83838], [16.02224, 45.83837], [16.02253, 45.83818], [16.02271, 45.83806], [16.02272, 45.83802], [16.02273, 45.83795], [16.02271, 45.83786], [16.02263, 45.83765], [16.02264, 45.83762], [16.02267, 45.83762], [16.02271, 45.83763], [16.02273, 45.83768], [16.02278, 45.83775], [16.02312, 45.83805], [16.02296, 45.83823], [16.02227, 45.83863], [16.02225, 45.83868], [16.02203, 45.83881], [16.02168, 45.83902], [16.02001, 45.83974], [16.01987, 45.83966], [16.01979, 45.83951], [16.01965, 45.83945], [16.01951, 45.8393], [16.01925, 45.83919], [16.01904, 45.8391], [16.01894, 45.83905], [16.01889, 45.83902], [16.01876, 45.83891], [16.01872, 45.83886], [16.01868, 45.83881], [16.01867, 45.83877], [16.01865, 45.83874], [16.01863, 45.83865], [16.01862, 45.8386], [16.01862, 45.83852], [16.01863, 45.83841], [16.01868, 45.83816], [16.01867, 45.83808], [16.01866, 45.83803], [16.01858, 45.83787], [16.01849, 45.8377], [16.01842, 45.83759], [16.01823, 45.83736], [16.01809, 45.8372], [16.01801, 45.83712], [16.01795, 45.83706], [16.0178, 45.83697], [16.0176, 45.83684], [16.01752, 45.8368], [16.01747, 45.83677], [16.0173, 45.83671], [16.01722, 45.83669], [16.01719, 45.83668], [16.01718, 45.83666], [16.01718, 45.83664], [16.0172, 45.83661], [16.01728, 45.8365], [16.01755, 45.83618], [16.01749, 45.83616], [16.01717, 45.83602], [16.01672, 45.8359], [16.01624, 45.83584], [16.01554, 45.83575], [16.01504, 45.83544], [16.01465, 45.83577], [16.01441, 45.8357], [16.01358, 45.83546], [16.01321, 45.83536], [16.01312, 45.83517], [16.01365, 45.83438], [16.01355, 45.8342], [16.01409, 45.8337], [16.01447, 45.83309], [16.01459, 45.83229], [16.0146, 45.83155], [16.0148, 45.83086], [16.01497, 45.8305], [16.01458, 45.82946], [16.01472, 45.82845], [16.0136, 45.82851], [16.01338, 45.82828], [16.01345, 45.82814], [16.01351, 45.82799], [16.01358, 45.82767], [16.01376, 45.82745], [16.01376, 45.82711], [16.0138, 45.82661], [16.01404, 45.8246], [16.0141, 45.82435], [16.01416, 45.82381], [16.01401, 45.82348], [16.01427, 45.82336], [16.01439, 45.82331], [16.01443, 45.82329], [16.01479, 45.82334], [16.01494, 45.82335], [16.01538, 45.8234], [16.01536, 45.82351], [16.01536, 45.82368], [16.01549, 45.82375], [16.01565, 45.82377], [16.01581, 45.82378], [16.01604, 45.82379], [16.01617, 45.82365], [16.01634, 45.82374], [16.01684, 45.8238], [16.01716, 45.82387], [16.01745, 45.82397], [16.01805, 45.82418], [16.01841, 45.8245], [16.01768, 45.82605], [16.01758, 45.82643], [16.01762, 45.82657], [16.01767, 45.82673], [16.01782, 45.82675], [16.01813, 45.82658], [16.01813, 45.82643], [16.01827, 45.8263], [16.01831, 45.82619], [16.01847, 45.82612], [16.01888, 45.82583], [16.01909, 45.82549], [16.01933, 45.82505], [16.01949, 45.82487], [16.0196, 45.82469], [16.01983, 45.8245], [16.02036, 45.82452], [16.02076, 45.82453], [16.02104, 45.82448], [16.0211, 45.82468], [16.02105, 45.82474], [16.021, 45.82479], [16.02109, 45.82487], [16.02107, 45.8249], [16.02051, 45.82519], [16.02024, 45.82538], [16.01994, 45.82546], [16.01975, 45.82559], [16.01977, 45.82579], [16.01944, 45.82608], [16.01953, 45.82617], [16.01955, 45.82627], [16.01945, 45.82639], [16.01934, 45.82643], [16.01903, 45.82662], [16.01882, 45.82688], [16.01905, 45.82696], [16.01961, 45.82666], [16.0198, 45.82656], [16.0196, 45.82642], [16.01965, 45.8263], [16.01976, 45.82618], [16.01999, 45.82616], [16.02043, 45.82611], [16.02087, 45.82613], [16.0212, 45.82622], [16.02126, 45.82638], [16.02154, 45.82641], [16.02162, 45.82635], [16.02177, 45.8264], [16.02199, 45.82603], [16.02168, 45.82585], [16.02127, 45.82595], [16.02081, 45.82592], [16.02062, 45.82589], [16.02057, 45.82584], [16.02105, 45.82532], [16.02127, 45.82509], [16.02137, 45.825], [16.02161, 45.82501], [16.02183, 45.82491], [16.022, 45.82479], [16.02235, 45.82486], [16.02286, 45.825], [16.02331, 45.82506], [16.02366, 45.82518], [16.02382, 45.82545], [16.02372, 45.82569], [16.02365, 45.82592], [16.02359, 45.82606], [16.02376, 45.82603], [16.02388, 45.82576], [16.02392, 45.8255], [16.02393, 45.82514], [16.02411, 45.82498], [16.02457, 45.82506], [16.02495, 45.82503], [16.02502, 45.82496], [16.02538, 45.82489], [16.02625, 45.82506], [16.02651, 45.82533], [16.02704, 45.82583], [16.02718, 45.82597], [16.02706, 45.82606], [16.0268, 45.82585], [16.02661, 45.82585], [16.02634, 45.82586], [16.02636, 45.82594], [16.02631, 45.82598], [16.02624, 45.82616], [16.02628, 45.8263], [16.02618, 45.82631], [16.02622, 45.8265], [16.02608, 45.82647], [16.02602, 45.82653], [16.02602, 45.82661]]], [[[16.02107, 45.82259], [16.02102, 45.82263], [16.02079, 45.82267], [16.02047, 45.82266], [16.02037, 45.82261], [16.02022, 45.82262], [16.02017, 45.82264], [16.02041, 45.82284], [16.02034, 45.82303], [16.02053, 45.82296], [16.0207, 45.8229], [16.02088, 45.82289], [16.02111, 45.82273], [16.02107, 45.82318], [16.02086, 45.82332], [16.02109, 45.82369], [16.02112, 45.82379], [16.02112, 45.82387], [16.02085, 45.824], [16.02076, 45.82382], [16.02039, 45.82395], [16.02056, 45.82411], [16.02071, 45.82422], [16.0208, 45.82433], [16.0207, 45.82442], [16.0205, 45.82443], [16.02028, 45.8243], [16.02007, 45.82403], [16.01945, 45.82387], [16.01937, 45.82385], [16.01856, 45.82368], [16.01791, 45.82367], [16.01756, 45.82348], [16.01737, 45.82338], [16.01715, 45.82332], [16.01675, 45.82316], [16.0166, 45.82319], [16.01643, 45.8231], [16.01635, 45.82303], [16.01562, 45.82254], [16.01546, 45.82247], [16.0153, 45.82245], [16.01518, 45.82246], [16.01498, 45.82287], [16.01436, 45.82296], [16.01431, 45.82306], [16.01481, 45.82312], [16.01489, 45.82332], [16.01447, 45.82324], [16.01419, 45.82318], [16.01413, 45.82317], [16.01391, 45.82309], [16.01378, 45.82313], [16.01364, 45.82308], [16.01337, 45.82297], [16.01346, 45.8229], [16.01361, 45.82298], [16.01372, 45.82302], [16.01363, 45.82286], [16.0137, 45.82281], [16.01406, 45.82281], [16.01413, 45.82234], [16.01405, 45.82226], [16.01374, 45.82243], [16.01382, 45.82212], [16.01397, 45.82193], [16.014, 45.82177], [16.01378, 45.8217], [16.01344, 45.82191], [16.01351, 45.82131], [16.01398, 45.82137], [16.01413, 45.82086], [16.01416, 45.8204], [16.01363, 45.82039], [16.01337, 45.82044], [16.01312, 45.82079], [16.01343, 45.82103], [16.01316, 45.82142], [16.01298, 45.82192], [16.01306, 45.82223], [16.01312, 45.82238], [16.01301, 45.82244], [16.01291, 45.82233], [16.01282, 45.82235], [16.01282, 45.8225], [16.01271, 45.82252], [16.01256, 45.82241], [16.01276, 45.82132], [16.01291, 45.82119], [16.01285, 45.82086], [16.01289, 45.82046], [16.01294, 45.82022], [16.01373, 45.82016], [16.01496, 45.82017], [16.01519, 45.82012], [16.01526, 45.81974], [16.0155, 45.81966], [16.01553, 45.81965], [16.01553, 45.81965], [16.01555, 45.81971], [16.01555, 45.81975], [16.01555, 45.81978], [16.01553, 45.81986], [16.01551, 45.82001], [16.01548, 45.8201], [16.01537, 45.8201], [16.01536, 45.82015], [16.01535, 45.82037], [16.01537, 45.82037], [16.01537, 45.8204], [16.01544, 45.8204], [16.01544, 45.82041], [16.01545, 45.82043], [16.01547, 45.82045], [16.01552, 45.82045], [16.01554, 45.82045], [16.01556, 45.82045], [16.01558, 45.82046], [16.01559, 45.82047], [16.0156, 45.82051], [16.01562, 45.82058], [16.01562, 45.82062], [16.01561, 45.82063], [16.01563, 45.82067], [16.01565, 45.82068], [16.01575, 45.8207], [16.01586, 45.82069], [16.01587, 45.82075], [16.01599, 45.82074], [16.016, 45.82073], [16.01599, 45.82068], [16.016, 45.82066], [16.01602, 45.82065], [16.01605, 45.82063], [16.01611, 45.8206], [16.01613, 45.82058], [16.01621, 45.82052], [16.01623, 45.82052], [16.01632, 45.8205], [16.01635, 45.82052], [16.01639, 45.82055], [16.01641, 45.82054], [16.01654, 45.82049], [16.01661, 45.82048], [16.01657, 45.82044], [16.01614, 45.82006], [16.0162, 45.82002], [16.01627, 45.82007], [16.01638, 45.81999], [16.01631, 45.81994], [16.01633, 45.81992], [16.01637, 45.81989], [16.01631, 45.81986], [16.01623, 45.81984], [16.01607, 45.81982], [16.01599, 45.81981], [16.01596, 45.81981], [16.01592, 45.81979], [16.01588, 45.81978], [16.0157, 45.81962], [16.01569, 45.8196], [16.01569, 45.8196], [16.01574, 45.81958], [16.01848, 45.82021], [16.01852, 45.82037], [16.01842, 45.82055], [16.01816, 45.82069], [16.01814, 45.82079], [16.01817, 45.82084], [16.01825, 45.82091], [16.01859, 45.82108], [16.01871, 45.8213], [16.01881, 45.82169], [16.01895, 45.8218], [16.01916, 45.82186], [16.01977, 45.8218], [16.02011, 45.82178], [16.02041, 45.8219], [16.02092, 45.82221], [16.02112, 45.8224], [16.02112, 45.82249], [16.02107, 45.82259]]], [[[16.01254, 45.82854], [16.01254, 45.82871], [16.01249, 45.82879], [16.01247, 45.82884], [16.01241, 45.82887], [16.01239, 45.82892], [16.0124, 45.82897], [16.01247, 45.829], [16.01268, 45.82902], [16.01288, 45.82909], [16.01302, 45.82907], [16.0131, 45.8291], [16.01315, 45.82905], [16.01317, 45.82897], [16.01315, 45.82887], [16.01321, 45.82883], [16.01324, 45.82876], [16.01325, 45.82868], [16.01327, 45.82863], [16.01332, 45.8286], [16.01329, 45.82858], [16.01333, 45.82856], [16.01331, 45.82851], [16.01328, 45.82848], [16.01322, 45.82849], [16.01315, 45.82848], [16.0131, 45.82848], [16.01304, 45.82846], [16.01307, 45.82841], [16.01307, 45.82838], [16.01306, 45.82835], [16.01312, 45.82834], [16.01327, 45.82834], [16.01333, 45.82834], [16.01333, 45.82831], [16.01338, 45.82832], [16.01348, 45.82842], [16.01353, 45.82848], [16.01357, 45.82851], [16.01359, 45.82853], [16.01358, 45.82854], [16.01352, 45.82862], [16.01353, 45.82875], [16.01352, 45.82884], [16.01361, 45.82889], [16.01348, 45.82912], [16.01358, 45.82922], [16.0134, 45.82936], [16.01333, 45.82959], [16.01322, 45.82968], [16.01329, 45.82987], [16.01337, 45.83008], [16.01344, 45.83021], [16.01339, 45.83033], [16.01326, 45.83034], [16.01328, 45.83044], [16.0133, 45.83059], [16.01323, 45.83081], [16.0133, 45.83088], [16.01325, 45.83097], [16.01324, 45.83111], [16.01324, 45.83124], [16.01316, 45.83141], [16.01325, 45.83156], [16.01323, 45.83168], [16.01324, 45.83175], [16.0134, 45.83179], [16.01347, 45.83186], [16.0136, 45.83199], [16.01352, 45.83204], [16.01335, 45.83207], [16.01314, 45.83208], [16.01296, 45.8321], [16.01283, 45.83205], [16.0128, 45.83197], [16.01271, 45.83192], [16.0127, 45.83183], [16.01257, 45.83183], [16.01245, 45.8318], [16.01238, 45.83164], [16.01237, 45.83145], [16.01242, 45.83129], [16.01232, 45.83116], [16.01231, 45.83104], [16.01231, 45.83092], [16.01229, 45.83074], [16.01231, 45.83058], [16.01227, 45.83046], [16.01228, 45.83036], [16.01239, 45.83032], [16.0124, 45.83013], [16.01228, 45.83], [16.01228, 45.82989], [16.01233, 45.8298], [16.0123, 45.82971], [16.01226, 45.8296], [16.01222, 45.82949], [16.01226, 45.82944], [16.01225, 45.82936], [16.01223, 45.82929], [16.01226, 45.82922], [16.01224, 45.82913], [16.01226, 45.82907], [16.0123, 45.82897], [16.0123, 45.82889], [16.01234, 45.82882], [16.01238, 45.82874], [16.01246, 45.82861], [16.01254, 45.82854]]], [[[16.02135, 45.82284], [16.0212, 45.8226], [16.02116, 45.82256], [16.02116, 45.82244], [16.02116, 45.82239], [16.02125, 45.8224], [16.0214, 45.82247], [16.02167, 45.82262], [16.02288, 45.8229], [16.02323, 45.82311], [16.02359, 45.82329], [16.02417, 45.8235], [16.02513, 45.82347], [16.02539, 45.82355], [16.02563, 45.82392], [16.02632, 45.8236], [16.02639, 45.82354], [16.02648, 45.82361], [16.0264, 45.82368], [16.02664, 45.82389], [16.02678, 45.8238], [16.02665, 45.82358], [16.02652, 45.82361], [16.02643, 45.82353], [16.0265, 45.82351], [16.02671, 45.82341], [16.02688, 45.82318], [16.02693, 45.82337], [16.02703, 45.82333], [16.02719, 45.82328], [16.02732, 45.82329], [16.0275, 45.82329], [16.02777, 45.82401], [16.02765, 45.82434], [16.02675, 45.82453], [16.02649, 45.82438], [16.02603, 45.82455], [16.02593, 45.82459], [16.02618, 45.82497], [16.02531, 45.82482], [16.02511, 45.82459], [16.02475, 45.82465], [16.02464, 45.82485], [16.02436, 45.82491], [16.02403, 45.82484], [16.0237, 45.82479], [16.0234, 45.82481], [16.02332, 45.82469], [16.02308, 45.82465], [16.02297, 45.82447], [16.02271, 45.82445], [16.02236, 45.8246], [16.02199, 45.82471], [16.0218, 45.82477], [16.02165, 45.82461], [16.02157, 45.82444], [16.0217, 45.82441], [16.02191, 45.82442], [16.02209, 45.82442], [16.02211, 45.82437], [16.02217, 45.82425], [16.02239, 45.82414], [16.02257, 45.82402], [16.02256, 45.82385], [16.02219, 45.82383], [16.02178, 45.82379], [16.02167, 45.82378], [16.02155, 45.82349], [16.0215, 45.82338], [16.02152, 45.82323], [16.02135, 45.82284]]], [[[16.01215, 45.8317], [16.01218, 45.83144], [16.01212, 45.83121], [16.01217, 45.83095], [16.01209, 45.83077], [16.01214, 45.8305], [16.01209, 45.83022], [16.01171, 45.83022], [16.0115, 45.83022], [16.01159, 45.83034], [16.0114, 45.83049], [16.01124, 45.83049], [16.01121, 45.83063], [16.01103, 45.83076], [16.01107, 45.83088], [16.01095, 45.831], [16.01087, 45.83104], [16.01073, 45.83103], [16.01073, 45.83111], [16.01059, 45.83118], [16.01056, 45.83125], [16.01073, 45.8313], [16.01082, 45.8313], [16.01094, 45.83139], [16.01091, 45.83154], [16.01095, 45.83162], [16.0112, 45.83154], [16.0114, 45.83162], [16.01148, 45.83157], [16.01164, 45.83161], [16.01172, 45.83159], [16.0119, 45.83169], [16.01208, 45.83167], [16.01215, 45.8317]]]]}}, {"type": "Feature", "properties": {"name": "Dotrščina", "ha": 311.0}, "geometry": {"type": "MultiPolygon", "coordinates": [[[[16.00656, 45.86391], [16.00628, 45.86393], [16.00601, 45.86441], [16.00488, 45.86404], [16.00523, 45.8635], [16.00551, 45.86341], [16.00549, 45.8632], [16.0057, 45.86332], [16.00561, 45.86311], [16.00581, 45.86306], [16.00604, 45.86309], [16.0061, 45.86287], [16.00578, 45.86285], [16.00586, 45.86271], [16.00578, 45.86247], [16.00566, 45.8623], [16.0053, 45.86236], [16.00536, 45.86274], [16.00515, 45.86282], [16.00529, 45.86298], [16.00518, 45.86314], [16.00496, 45.86324], [16.00439, 45.8631], [16.00456, 45.86288], [16.00443, 45.86282], [16.00419, 45.86307], [16.00408, 45.86323], [16.00397, 45.86338], [16.00367, 45.86373], [16.00307, 45.86409], [16.00209, 45.86386], [16.00167, 45.86288], [16.0013, 45.8627], [16.00104, 45.8628], [16.00075, 45.86269], [16.00045, 45.86252], [16.00018, 45.86268], [15.99904, 45.86205], [15.99939, 45.86197], [15.99939, 45.86127], [15.99956, 45.86113], [15.99928, 45.86092], [15.99882, 45.86077], [15.99849, 45.86006], [15.99804, 45.85976], [15.99802, 45.85957], [15.99835, 45.85938], [15.99853, 45.85938], [15.99874, 45.85921], [15.99888, 45.85885], [15.99918, 45.85846], [15.99935, 45.85836], [15.99949, 45.85835], [15.99966, 45.85834], [15.99995, 45.85848], [16.00057, 45.8583], [16.00008, 45.85804], [15.99912, 45.85797], [15.99944, 45.85771], [15.99988, 45.85745], [15.99988, 45.85736], [15.99981, 45.85734], [15.99973, 45.8574], [15.99965, 45.85735], [15.99981, 45.85728], [15.9998, 45.85715], [16.00074, 45.85653], [16.00136, 45.85619], [16.00134, 45.85651], [16.00161, 45.85675], [16.00179, 45.85671], [16.00237, 45.8571], [16.00195, 45.8574], [16.00109, 45.85663], [16.00052, 45.8573], [16.00176, 45.85846], [16.00207, 45.85877], [16.00275, 45.85916], [16.00358, 45.85957], [16.0033, 45.85984], [16.00365, 45.85998], [16.00341, 45.86039], [16.00368, 45.86047], [16.00389, 45.86029], [16.00436, 45.86033], [16.00464, 45.86011], [16.0045, 45.85978], [16.00506, 45.85985], [16.00524, 45.85967], [16.00507, 45.85961], [16.00532, 45.85942], [16.00543, 45.85921], [16.00524, 45.85916], [16.00495, 45.85902], [16.00636, 45.85763], [16.00662, 45.85775], [16.00811, 45.85643], [16.00697, 45.85586], [16.00654, 45.85569], [16.00528, 45.85506], [16.00506, 45.85487], [16.00484, 45.85482], [16.00447, 45.85468], [16.00456, 45.85452], [16.00451, 45.85437], [16.00497, 45.8544], [16.00525, 45.85413], [16.00508, 45.85391], [16.00561, 45.85355], [16.00622, 45.85379], [16.00677, 45.85385], [16.00686, 45.85365], [16.00594, 45.85337], [16.00618, 45.8532], [16.00651, 45.85325], [16.00675, 45.85309], [16.00708, 45.85319], [16.00723, 45.85337], [16.00744, 45.85339], [16.0076, 45.85351], [16.00785, 45.85355], [16.00787, 45.85334], [16.00741, 45.85307], [16.00688, 45.85296], [16.00668, 45.85303], [16.00652, 45.85289], [16.00674, 45.85279], [16.00707, 45.85266], [16.0077, 45.85284], [16.0079, 45.85279], [16.00752, 45.85253], [16.00733, 45.85249], [16.0073, 45.85243], [16.0079, 45.85206], [16.00828, 45.8521], [16.00841, 45.85234], [16.00877, 45.85248], [16.00901, 45.85254], [16.00924, 45.85226], [16.00903, 45.852], [16.0091, 45.85189], [16.00948, 45.85206], [16.00981, 45.85234], [16.00975, 45.85242], [16.01002, 45.85247], [16.01022, 45.8527], [16.01077, 45.85296], [16.01058, 45.85328], [16.01008, 45.85332], [16.01045, 45.8536], [16.01075, 45.8537], [16.01102, 45.85349], [16.01122, 45.85345], [16.01178, 45.85371], [16.01181, 45.85383], [16.01197, 45.85367], [16.012, 45.85397], [16.01219, 45.85398], [16.01237, 45.85389], [16.01228, 45.85376], [16.01218, 45.85373], [16.01238, 45.85361], [16.01219, 45.85345], [16.0121, 45.85339], [16.01196, 45.85343], [16.01191, 45.85339], [16.01203, 45.85326], [16.01192, 45.85315], [16.01163, 45.85303], [16.011, 45.85257], [16.01036, 45.85215], [16.01, 45.85192], [16.00895, 45.85129], [16.00959, 45.85053], [16.01026, 45.85086], [16.01053, 45.85061], [16.00982, 45.85026], [16.01035, 45.84965], [16.01078, 45.84981], [16.01124, 45.85006], [16.01171, 45.85025], [16.01222, 45.85056], [16.01238, 45.85043], [16.01275, 45.85039], [16.01269, 45.85029], [16.01305, 45.85003], [16.01326, 45.84993], [16.01279, 45.84975], [16.013, 45.84962], [16.01289, 45.84949], [16.01279, 45.84954], [16.01264, 45.84942], [16.01268, 45.84928], [16.01295, 45.84943], [16.01311, 45.84944], [16.01373, 45.84967], [16.01381, 45.84984], [16.01467, 45.85029], [16.01481, 45.85017], [16.01473, 45.84997], [16.01421, 45.84985], [16.01411, 45.84954], [16.01458, 45.84971], [16.01508, 45.84986], [16.01529, 45.84997], [16.01498, 45.85024], [16.01512, 45.85028], [16.0154, 45.85042], [16.01574, 45.85055], [16.01596, 45.85073], [16.01626, 45.85077], [16.01642, 45.85065], [16.01653, 45.85068], [16.01659, 45.85062], [16.01671, 45.85064], [16.01679, 45.85052], [16.017, 45.85048], [16.01732, 45.85061], [16.01768, 45.85045], [16.01797, 45.85015], [16.01763, 45.85003], [16.01763, 45.84978], [16.01728, 45.84945], [16.01752, 45.84928], [16.01746, 45.84912], [16.01812, 45.8493], [16.01795, 45.84953], [16.01839, 45.84946], [16.0188, 45.84916], [16.01891, 45.84883], [16.01931, 45.84898], [16.01938, 45.84886], [16.01929, 45.84864], [16.01896, 45.84878], [16.01881, 45.84873], [16.0189, 45.84856], [16.01945, 45.8474], [16.01897, 45.84729], [16.01915, 45.84692], [16.01906, 45.84681], [16.01924, 45.84665], [16.01937, 45.84637], [16.01949, 45.8461], [16.01978, 45.84594], [16.01984, 45.84627], [16.01993, 45.84644], [16.02001, 45.84662], [16.02005, 45.8467], [16.02067, 45.84656], [16.02088, 45.84613], [16.02118, 45.84615], [16.02136, 45.84614], [16.02131, 45.84595], [16.02146, 45.8458], [16.02172, 45.84561], [16.02174, 45.84559], [16.02186, 45.84542], [16.02209, 45.84541], [16.02223, 45.84543], [16.02236, 45.84524], [16.02231, 45.84509], [16.02259, 45.84497], [16.02277, 45.8452], [16.02331, 45.84505], [16.02303, 45.84449], [16.0235, 45.84411], [16.02369, 45.84403], [16.02478, 45.84304], [16.02541, 45.84243], [16.02511, 45.84205], [16.02602, 45.84172], [16.02613, 45.84166], [16.02622, 45.84167], [16.02631, 45.84172], [16.02636, 45.8418], [16.02648, 45.8418], [16.0266, 45.84174], [16.02661, 45.84171], [16.02679, 45.84164], [16.02694, 45.84161], [16.0271, 45.84167], [16.02725, 45.84175], [16.02719, 45.84181], [16.02708, 45.84186], [16.02689, 45.84186], [16.02666, 45.84188], [16.02644, 45.84196], [16.02617, 45.84204], [16.02582, 45.84225], [16.02604, 45.84233], [16.02521, 45.84316], [16.02528, 45.84334], [16.02524, 45.84347], [16.02527, 45.84348], [16.02549, 45.84346], [16.02534, 45.84369], [16.02551, 45.84366], [16.0259, 45.84343], [16.02649, 45.8429], [16.02657, 45.84301], [16.02658, 45.84303], [16.02661, 45.84306], [16.02666, 45.84306], [16.02674, 45.84294], [16.02676, 45.84267], [16.02715, 45.84226], [16.02717, 45.84222], [16.02705, 45.84211], [16.02775, 45.84176], [16.02785, 45.84171], [16.0279, 45.8417], [16.02793, 45.8417], [16.02792, 45.84175], [16.02791, 45.84193], [16.02792, 45.84209], [16.02806, 45.8422], [16.02801, 45.84228], [16.02771, 45.84251], [16.02785, 45.84265], [16.02786, 45.8427], [16.02783, 45.84275], [16.02776, 45.84276], [16.02769, 45.84273], [16.02765, 45.84278], [16.02763, 45.84282], [16.02753, 45.84291], [16.02752, 45.843], [16.02772, 45.84304], [16.02784, 45.84308], [16.02791, 45.84305], [16.02798, 45.84302], [16.028, 45.84296], [16.02799, 45.84284], [16.028, 45.84277], [16.02809, 45.84271], [16.02836, 45.84288], [16.02847, 45.8429], [16.02856, 45.84295], [16.02856, 45.843], [16.0286, 45.84316], [16.02866, 45.84384], [16.02857, 45.84411], [16.02858, 45.84426], [16.02869, 45.8445], [16.02849, 45.84491], [16.02809, 45.8457], [16.02797, 45.84594], [16.0278, 45.84629], [16.02759, 45.84685], [16.02756, 45.84725], [16.0278, 45.84815], [16.02813, 45.84893], [16.02833, 45.84951], [16.02828, 45.85006], [16.02815, 45.85043], [16.02792, 45.85071], [16.02749, 45.85112], [16.02715, 45.85151], [16.02681, 45.8523], [16.0266, 45.85273], [16.02639, 45.853], [16.02611, 45.85337], [16.02584, 45.8537], [16.0256, 45.85422], [16.02535, 45.85454], [16.02505, 45.85446], [16.02481, 45.85473], [16.02507, 45.85482], [16.02514, 45.855], [16.02513, 45.85556], [16.02408, 45.85729], [16.02328, 45.8584], [16.02346, 45.8585], [16.02362, 45.85871], [16.02362, 45.85905], [16.02376, 45.85914], [16.02355, 45.85945], [16.02301, 45.85932], [16.02092, 45.86096], [16.02095, 45.86117], [16.02031, 45.86189], [16.02016, 45.86206], [16.0203, 45.86226], [16.019, 45.86405], [16.01741, 45.86506], [16.01651, 45.86617], [16.01549, 45.86684], [16.01526, 45.86728], [16.01496, 45.8675], [16.01475, 45.86762], [16.01468, 45.86762], [16.01262, 45.86776], [16.01025, 45.86776], [16.00887, 45.8679], [16.00843, 45.86813], [16.0078, 45.86817], [16.00756, 45.86826], [16.00692, 45.86833], [16.00582, 45.86747], [16.00491, 45.86673], [16.00473, 45.86671], [16.00449, 45.8664], [16.00395, 45.86585], [16.00526, 45.86599], [16.00517, 45.86625], [16.0054, 45.8663], [16.00545, 45.8661], [16.00567, 45.86608], [16.00614, 45.86634], [16.00618, 45.86645], [16.0065, 45.86645], [16.00654, 45.86656], [16.00662, 45.86656], [16.00663, 45.86668], [16.00626, 45.86666], [16.00631, 45.86691], [16.00753, 45.86697], [16.00759, 45.86677], [16.00765, 45.86657], [16.0076, 45.86617], [16.00762, 45.86574], [16.00738, 45.8656], [16.00711, 45.86618], [16.00653, 45.86632], [16.00621, 45.86628], [16.00618, 45.86618], [16.00666, 45.86619], [16.00675, 45.86582], [16.0066, 45.86561], [16.00558, 45.86545], [16.00546, 45.86542], [16.00545, 45.86556], [16.0061, 45.86564], [16.00606, 45.86569], [16.00639, 45.86571], [16.0064, 45.86577], [16.00603, 45.86575], [16.00598, 45.86595], [16.00542, 45.86586], [16.00501, 45.86548], [16.00467, 45.86544], [16.00472, 45.86517], [16.00452, 45.86541], [16.00437, 45.86545], [16.00429, 45.8654], [16.0045, 45.86521], [16.00434, 45.86515], [16.00446, 45.86487], [16.00477, 45.8648], [16.00472, 45.86491], [16.00503, 45.86496], [16.00546, 45.86501], [16.00632, 45.86519], [16.00637, 45.86509], [16.00627, 45.865], [16.00654, 45.86494], [16.00704, 45.86503], [16.00702, 45.86483], [16.00648, 45.86465], [16.00596, 45.86461], [16.0061, 45.86446], [16.00647, 45.86454], [16.0067, 45.86449], [16.00771, 45.86467], [16.00774, 45.86432], [16.00719, 45.86425], [16.00713, 45.86439], [16.00689, 45.86426], [16.00653, 45.86421], [16.00656, 45.86391]]]]}}, {"type": "Feature", "properties": {"name": "Tuškanac", "ha": 38.5}, "geometry": {"type": "MultiPolygon", "coordinates": [[[[15.97175, 45.81993], [15.97163, 45.81974], [15.97157, 45.81946], [15.97153, 45.81922], [15.97165, 45.81909], [15.97177, 45.81906], [15.97203, 45.81863], [15.97221, 45.81839], [15.97223, 45.8182], [15.97211, 45.81809], [15.97163, 45.81789], [15.97152, 45.81786], [15.97121, 45.81784], [15.97105, 45.81782], [15.97101, 45.81783], [15.97099, 45.81784], [15.97091, 45.81791], [15.97071, 45.81812], [15.97061, 45.81825], [15.97052, 45.81835], [15.97037, 45.8185], [15.97029, 45.81859], [15.97022, 45.81867], [15.97018, 45.81873], [15.97015, 45.81878], [15.97011, 45.81892], [15.97002, 45.81915], [15.96998, 45.81929], [15.96994, 45.81943], [15.96991, 45.81954], [15.96988, 45.81969], [15.96987, 45.81984], [15.96987, 45.81996], [15.97049, 45.81995], [15.97062, 45.81974], [15.97066, 45.81959], [15.97067, 45.81908], [15.97071, 45.81895], [15.97074, 45.81886], [15.97082, 45.81865], [15.97098, 45.8184], [15.97144, 45.81817], [15.97162, 45.81807], [15.97181, 45.81811], [15.97175, 45.81825], [15.97192, 45.81841], [15.97173, 45.81867], [15.97142, 45.81911], [15.97141, 45.81954], [15.97137, 45.81965], [15.97138, 45.81992], [15.97134, 45.82037], [15.97125, 45.82057], [15.97115, 45.82076], [15.97096, 45.82088], [15.97095, 45.82093], [15.97086, 45.82093], [15.97085, 45.82106], [15.97099, 45.82111], [15.97101, 45.8212], [15.97099, 45.82128], [15.97088, 45.82158], [15.97097, 45.82203], [15.97115, 45.82201], [15.97117, 45.82183], [15.97124, 45.82163], [15.97158, 45.82125], [15.9718, 45.8212], [15.97212, 45.82128], [15.97234, 45.82144], [15.97232, 45.82159], [15.97192, 45.82193], [15.97174, 45.82201], [15.97175, 45.82204], [15.97179, 45.82231], [15.97195, 45.8223], [15.97223, 45.82228], [15.97263, 45.8221], [15.97278, 45.82179], [15.97297, 45.82171], [15.97324, 45.82164], [15.97368, 45.82151], [15.97378, 45.82143], [15.97397, 45.82156], [15.97399, 45.82167], [15.97395, 45.82184], [15.97396, 45.82203], [15.9739, 45.82221], [15.9738, 45.82254], [15.97357, 45.82251], [15.97352, 45.82251], [15.9735, 45.82253], [15.97343, 45.8226], [15.97338, 45.82259], [15.97325, 45.82277], [15.97304, 45.82295], [15.9727, 45.82321], [15.97267, 45.82327], [15.9727, 45.82335], [15.97275, 45.82349], [15.97296, 45.824], [15.97297, 45.82424], [15.97296, 45.8245], [15.97268, 45.82491], [15.97249, 45.82488], [15.97246, 45.82502], [15.9724, 45.82523], [15.97231, 45.82538], [15.97306, 45.82523], [15.97324, 45.82523], [15.97345, 45.8253], [15.97365, 45.8256], [15.9736, 45.82584], [15.97362, 45.82583], [15.97383, 45.82594], [15.97383, 45.82612], [15.97383, 45.82615], [15.97372, 45.82629], [15.97363, 45.82663], [15.97359, 45.82683], [15.97373, 45.82682], [15.97374, 45.82682], [15.97371, 45.82705], [15.97368, 45.82719], [15.97364, 45.82755], [15.97372, 45.82784], [15.97373, 45.82813], [15.9737, 45.82831], [15.97358, 45.82845], [15.97339, 45.82875], [15.97327, 45.82881], [15.97321, 45.82888], [15.97303, 45.82893], [15.97276, 45.82904], [15.97254, 45.82915], [15.97219, 45.82934], [15.97217, 45.82943], [15.9722, 45.82957], [15.97198, 45.82971], [15.97197, 45.82981], [15.97192, 45.82988], [15.97198, 45.82989], [15.97239, 45.82973], [15.97244, 45.82974], [15.97279, 45.82968], [15.97284, 45.8297], [15.97306, 45.82978], [15.97308, 45.83004], [15.97323, 45.83026], [15.97319, 45.83075], [15.9732, 45.8311], [15.97319, 45.83135], [15.97306, 45.83158], [15.97317, 45.83163], [15.97329, 45.83163], [15.97359, 45.83158], [15.97364, 45.83167], [15.97368, 45.83178], [15.97368, 45.83182], [15.97361, 45.83202], [15.9735, 45.83216], [15.97341, 45.83229], [15.97397, 45.83232], [15.97399, 45.83233], [15.97422, 45.83234], [15.97433, 45.83257], [15.97423, 45.83264], [15.97358, 45.83269], [15.97332, 45.83272], [15.9732, 45.83271], [15.97288, 45.83266], [15.97279, 45.83264], [15.97271, 45.83253], [15.97266, 45.83251], [15.9726, 45.83252], [15.97258, 45.83259], [15.9725, 45.83261], [15.97242, 45.83256], [15.97233, 45.83244], [15.97224, 45.83243], [15.97219, 45.83266], [15.97188, 45.83264], [15.97186, 45.83291], [15.97197, 45.83292], [15.97196, 45.83323], [15.97384, 45.8333], [15.97351, 45.83396], [15.97323, 45.83457], [15.97235, 45.83505], [15.97206, 45.83494], [15.97168, 45.83487], [15.97175, 45.83477], [15.97184, 45.83465], [15.97146, 45.8346], [15.97142, 45.83472], [15.97135, 45.83494], [15.97137, 45.83506], [15.97163, 45.83504], [15.97248, 45.83524], [15.9729, 45.83514], [15.97331, 45.83499], [15.9737, 45.83499], [15.97412, 45.83479], [15.97433, 45.83458], [15.97447, 45.83436], [15.97465, 45.83407], [15.97481, 45.8339], [15.97495, 45.83371], [15.97496, 45.83351], [15.97476, 45.83326], [15.97479, 45.83306], [15.97482, 45.83294], [15.97473, 45.8327], [15.97469, 45.83262], [15.97464, 45.83254], [15.97456, 45.83214], [15.97458, 45.83179], [15.97453, 45.83157], [15.97448, 45.83131], [15.9744, 45.83112], [15.97444, 45.83092], [15.97452, 45.8308], [15.97463, 45.83081], [15.97494, 45.83077], [15.97526, 45.83077], [15.97527, 45.83051], [15.97549, 45.83026], [15.97561, 45.82999], [15.97562, 45.82978], [15.97556, 45.82959], [15.97519, 45.82958], [15.97487, 45.82946], [15.97486, 45.82926], [15.97484, 45.82904], [15.97453, 45.8286], [15.97455, 45.82834], [15.97462, 45.82805], [15.97473, 45.82775], [15.97478, 45.82719], [15.97475, 45.82695], [15.97482, 45.82672], [15.97485, 45.82642], [15.9747, 45.82619], [15.97475, 45.82593], [15.97486, 45.82566], [15.97483, 45.82557], [15.97478, 45.82545], [15.97464, 45.82514], [15.97456, 45.82487], [15.97461, 45.82465], [15.97481, 45.82456], [15.97495, 45.82452], [15.97493, 45.82424], [15.9748, 45.82414], [15.97489, 45.82395], [15.9749, 45.82382], [15.9749, 45.82381], [15.97486, 45.82366], [15.97495, 45.82347], [15.97504, 45.82325], [15.97499, 45.82303], [15.97499, 45.82301], [15.97489, 45.82293], [15.97489, 45.82277], [15.97494, 45.82254], [15.97495, 45.82249], [15.97498, 45.82229], [15.97492, 45.82206], [15.97478, 45.82176], [15.97481, 45.82151], [15.97478, 45.82127], [15.97444, 45.82116], [15.97433, 45.82108], [15.97439, 45.82069], [15.97439, 45.82029], [15.97462, 45.82019], [15.97471, 45.81997], [15.97463, 45.81974], [15.97451, 45.81952], [15.97432, 45.81928], [15.97414, 45.81906], [15.97414, 45.81896], [15.97405, 45.81884], [15.9743, 45.81876], [15.97436, 45.81871], [15.97408, 45.81849], [15.9739, 45.81832], [15.97349, 45.81817], [15.97315, 45.81803], [15.97295, 45.81799], [15.97288, 45.81796], [15.97282, 45.81785], [15.97242, 45.81767], [15.97212, 45.81746], [15.97179, 45.8173], [15.97137, 45.8172], [15.97127, 45.81707], [15.97103, 45.81678], [15.97076, 45.81641], [15.97061, 45.81613], [15.97051, 45.81587], [15.97046, 45.81576], [15.97042, 45.81556], [15.97055, 45.81543], [15.97073, 45.81543], [15.9708, 45.81544], [15.97086, 45.81542], [15.9711, 45.81532], [15.97081, 45.815], [15.97044, 45.8151], [15.96999, 45.81526], [15.96991, 45.81533], [15.96986, 45.81543], [15.96988, 45.81574], [15.97008, 45.81571], [15.97023, 45.81574], [15.97017, 45.81589], [15.9701, 45.81596], [15.96992, 45.81598], [15.96996, 45.81621], [15.97004, 45.81637], [15.97026, 45.81659], [15.97049, 45.81683], [15.97076, 45.81712], [15.97096, 45.81731], [15.97112, 45.81748], [15.97132, 45.81753], [15.97145, 45.81751], [15.97159, 45.81764], [15.97171, 45.81772], [15.97206, 45.81789], [15.97243, 45.81809], [15.97265, 45.8182], [15.97277, 45.81822], [15.97305, 45.8183], [15.97319, 45.81833], [15.97363, 45.81851], [15.97382, 45.81875], [15.97374, 45.81884], [15.97359, 45.81883], [15.97342, 45.81874], [15.97325, 45.81867], [15.97267, 45.81844], [15.97246, 45.81835], [15.97243, 45.81849], [15.97218, 45.81884], [15.97226, 45.8191], [15.97236, 45.81919], [15.97221, 45.8196], [15.97215, 45.81979], [15.97202, 45.81983], [15.97175, 45.81993]]], [[[15.97683, 45.8339], [15.97696, 45.83356], [15.97679, 45.8335], [15.97692, 45.83335], [15.97679, 45.83323], [15.97707, 45.83313], [15.97673, 45.83295], [15.97625, 45.83294], [15.97621, 45.83283], [15.97545, 45.83286], [15.97531, 45.83336], [15.97514, 45.83389], [15.97509, 45.83421], [15.97499, 45.83467], [15.97492, 45.83486], [15.97474, 45.83501], [15.9746, 45.83508], [15.97443, 45.83516], [15.97422, 45.83527], [15.97406, 45.83542], [15.97362, 45.83597], [15.97322, 45.83651], [15.97303, 45.83666], [15.97281, 45.83672], [15.9727, 45.8369], [15.97268, 45.83708], [15.97337, 45.83723], [15.97356, 45.83726], [15.9733, 45.83783], [15.97275, 45.83791], [15.97254, 45.83802], [15.97204, 45.83827], [15.97196, 45.83845], [15.9719, 45.83858], [15.97171, 45.83864], [15.97153, 45.83848], [15.97127, 45.83875], [15.97121, 45.83894], [15.97186, 45.83898], [15.97247, 45.83863], [15.97229, 45.8386], [15.97236, 45.83849], [15.97261, 45.83852], [15.97287, 45.83835], [15.97322, 45.8385], [15.97343, 45.83835], [15.97316, 45.8382], [15.97342, 45.83803], [15.97365, 45.83773], [15.97386, 45.83778], [15.97406, 45.83776], [15.97384, 45.83761], [15.97406, 45.83739], [15.97467, 45.83654], [15.97442, 45.8363], [15.97437, 45.83611], [15.97443, 45.83583], [15.97471, 45.83554], [15.97511, 45.83524], [15.9759, 45.83535], [15.97622, 45.83519], [15.97649, 45.835], [15.9765, 45.83481], [15.97649, 45.83462], [15.97658, 45.83454], [15.97673, 45.83401], [15.97683, 45.8339]]], [[[15.96969, 45.81995], [15.96968, 45.81989], [15.96969, 45.81978], [15.96972, 45.81966], [15.96981, 45.81932], [15.9699, 45.81899], [15.96996, 45.8188], [15.96998, 45.81873], [15.97007, 45.81861], [15.9703, 45.81835], [15.97054, 45.81809], [15.97074, 45.81788], [15.97081, 45.8178], [15.97084, 45.81775], [15.97085, 45.81768], [15.97081, 45.8176], [15.97074, 45.81748], [15.97059, 45.81728], [15.97048, 45.81718], [15.97036, 45.81701], [15.97026, 45.81685], [15.97013, 45.81669], [15.96999, 45.81656], [15.96984, 45.81666], [15.96968, 45.81668], [15.9695, 45.81659], [15.96936, 45.81641], [15.96928, 45.81628], [15.96922, 45.81589], [15.96922, 45.81569], [15.96908, 45.81569], [15.96902, 45.81565], [15.969, 45.81524], [15.96908, 45.8152], [15.96941, 45.8152], [15.96957, 45.81528], [15.96971, 45.81522], [15.96962, 45.81509], [15.96972, 45.81505], [15.96966, 45.81499], [15.96933, 45.8149], [15.96928, 45.81484], [15.96929, 45.8148], [15.96871, 45.81477], [15.96868, 45.81497], [15.96874, 45.81504], [15.96871, 45.81528], [15.96854, 45.81527], [15.96852, 45.81565], [15.96826, 45.8157], [15.96831, 45.81592], [15.96855, 45.81586], [15.96869, 45.81598], [15.96879, 45.81612], [15.96893, 45.81616], [15.96906, 45.81636], [15.96903, 45.81662], [15.96905, 45.81676], [15.96915, 45.81683], [15.96931, 45.81678], [15.96942, 45.81683], [15.9695, 45.81703], [15.96956, 45.81722], [15.96975, 45.81736], [15.96988, 45.81755], [15.96994, 45.81769], [15.96994, 45.81777], [15.96994, 45.81786], [15.96992, 45.81794], [15.96991, 45.818], [15.9698, 45.81813], [15.9697, 45.81822], [15.96945, 45.8184], [15.96924, 45.81848], [15.9693, 45.81871], [15.9693, 45.8188], [15.96929, 45.81894], [15.96928, 45.81916], [15.96927, 45.81932], [15.96925, 45.81956], [15.96924, 45.81986], [15.96922, 45.82017], [15.9692, 45.82033], [15.96919, 45.82057], [15.96918, 45.82073], [15.96923, 45.82073], [15.96926, 45.82079], [15.96924, 45.82081], [15.96923, 45.82082], [15.96921, 45.82084], [15.96914, 45.82088], [15.96914, 45.82106], [15.96915, 45.82118], [15.96938, 45.82113], [15.96967, 45.82106], [15.96969, 45.82093], [15.96969, 45.82076], [15.96972, 45.82051], [15.96971, 45.82019], [15.96969, 45.81995]]]]}}, {"type": "Feature", "properties": {"name": "Jelenovac", "ha": 49.5}, "geometry": {"type": "MultiPolygon", "coordinates": [[[[15.95069, 45.83366], [15.95104, 45.83352], [15.95136, 45.8331], [15.95185, 45.83236], [15.9522, 45.83181], [15.95218, 45.83123], [15.95219, 45.83079], [15.95219, 45.83046], [15.95173, 45.83038], [15.95162, 45.83004], [15.95175, 45.82963], [15.95204, 45.82966], [15.95227, 45.82961], [15.95239, 45.82943], [15.95234, 45.82876], [15.95297, 45.82876], [15.95316, 45.82923], [15.95304, 45.82954], [15.95337, 45.82955], [15.9536, 45.82958], [15.95371, 45.82971], [15.95387, 45.82969], [15.95423, 45.82953], [15.95453, 45.82937], [15.95489, 45.82917], [15.95507, 45.8289], [15.95523, 45.82847], [15.95513, 45.82839], [15.95514, 45.82819], [15.9553, 45.82805], [15.95538, 45.82772], [15.95558, 45.82731], [15.9557, 45.82697], [15.956, 45.82657], [15.95627, 45.82616], [15.95644, 45.82576], [15.95639, 45.82555], [15.95631, 45.82532], [15.95638, 45.82512], [15.95639, 45.82497], [15.9562, 45.82482], [15.95606, 45.82476], [15.95598, 45.82472], [15.95601, 45.82466], [15.9552, 45.82433], [15.95526, 45.82412], [15.95538, 45.82376], [15.95583, 45.82325], [15.95596, 45.82301], [15.95603, 45.82288], [15.95605, 45.82279], [15.95604, 45.82266], [15.956, 45.82256], [15.95612, 45.8223], [15.95618, 45.82223], [15.95616, 45.82153], [15.95609, 45.82112], [15.95606, 45.82097], [15.95601, 45.82091], [15.956, 45.82088], [15.95591, 45.82064], [15.95575, 45.8205], [15.95553, 45.82034], [15.95534, 45.82018], [15.95498, 45.81976], [15.9547, 45.81935], [15.95458, 45.81932], [15.95444, 45.81926], [15.95433, 45.81925], [15.95421, 45.81935], [15.95389, 45.81964], [15.95362, 45.82], [15.9533, 45.82028], [15.95299, 45.82057], [15.95277, 45.8209], [15.9526, 45.82087], [15.95237, 45.82091], [15.95211, 45.82085], [15.95205, 45.821], [15.95193, 45.82103], [15.95175, 45.82123], [15.95199, 45.82129], [15.95185, 45.82153], [15.95212, 45.82163], [15.95215, 45.82164], [15.95202, 45.82182], [15.95186, 45.82196], [15.95176, 45.822], [15.95158, 45.82212], [15.9517, 45.82224], [15.9517, 45.82227], [15.95141, 45.82247], [15.95103, 45.82247], [15.95092, 45.82292], [15.95131, 45.82294], [15.9513, 45.82307], [15.95084, 45.82309], [15.95068, 45.82319], [15.9506, 45.82337], [15.95056, 45.82347], [15.9502, 45.82345], [15.95008, 45.82386], [15.94994, 45.82384], [15.94989, 45.82413], [15.94978, 45.82425], [15.94949, 45.82427], [15.94912, 45.82422], [15.94906, 45.82495], [15.94912, 45.82529], [15.94967, 45.82526], [15.94975, 45.82576], [15.94948, 45.82593], [15.94953, 45.82615], [15.94948, 45.82648], [15.94953, 45.82695], [15.94958, 45.82719], [15.94944, 45.82739], [15.9494, 45.82742], [15.94889, 45.82748], [15.94883, 45.82807], [15.94882, 45.82843], [15.94894, 45.82857], [15.94876, 45.82863], [15.94868, 45.82908], [15.94865, 45.82983], [15.9487, 45.83037], [15.94917, 45.83055], [15.94913, 45.83078], [15.94939, 45.83097], [15.94919, 45.83154], [15.94883, 45.83163], [15.94895, 45.8323], [15.94922, 45.83256], [15.94944, 45.83252], [15.94954, 45.83238], [15.94979, 45.83239], [15.94987, 45.83268], [15.95, 45.8335], [15.95007, 45.8338], [15.95017, 45.8338], [15.95022, 45.83381], [15.95069, 45.83366]]]]}}, {"type": "Feature", "properties": {"name": "Grmoščica", "ha": 71.3}, "geometry": {"type": "MultiPolygon", "coordinates": [[[[15.91216, 45.8145], [15.91219, 45.81454], [15.91215, 45.81456], [15.91213, 45.81459], [15.91209, 45.81469], [15.91206, 45.81488], [15.91202, 45.81499], [15.91197, 45.81508], [15.91193, 45.81512], [15.91189, 45.81514], [15.91182, 45.81516], [15.91175, 45.81515], [15.9117, 45.81513], [15.91165, 45.81506], [15.91156, 45.81507], [15.91141, 45.8151], [15.91122, 45.81485], [15.9113, 45.81473], [15.9113, 45.81464], [15.91116, 45.81454], [15.91104, 45.81442], [15.91081, 45.81453], [15.91097, 45.81493], [15.911, 45.81508], [15.91109, 45.81525], [15.91115, 45.81531], [15.91129, 45.81542], [15.91154, 45.81563], [15.91143, 45.81571], [15.91125, 45.81581], [15.91096, 45.81596], [15.91073, 45.81608], [15.91028, 45.81634], [15.91042, 45.81645], [15.91055, 45.81654], [15.91075, 45.81676], [15.91091, 45.81682], [15.91088, 45.81696], [15.91096, 45.81697], [15.91135, 45.81705], [15.9115, 45.81713], [15.91153, 45.81733], [15.91183, 45.81738], [15.91203, 45.81745], [15.91208, 45.81748], [15.91212, 45.81759], [15.91225, 45.8176], [15.91221, 45.81776], [15.91206, 45.81775], [15.91107, 45.81773], [15.91094, 45.81779], [15.91093, 45.81787], [15.91085, 45.8179], [15.91077, 45.8178], [15.91062, 45.81792], [15.91056, 45.81797], [15.91041, 45.81806], [15.9104, 45.81829], [15.91058, 45.81837], [15.91054, 45.81842], [15.91041, 45.81841], [15.91035, 45.81836], [15.91026, 45.81838], [15.91031, 45.81849], [15.91024, 45.81854], [15.91018, 45.81876], [15.9099, 45.81882], [15.90973, 45.81896], [15.90953, 45.81916], [15.91006, 45.81905], [15.91035, 45.81914], [15.91054, 45.81897], [15.91083, 45.81917], [15.91085, 45.81951], [15.91069, 45.8196], [15.91087, 45.82008], [15.91104, 45.82022], [15.91118, 45.82033], [15.91154, 45.82042], [15.91183, 45.82052], [15.91178, 45.82024], [15.91218, 45.82017], [15.91228, 45.82015], [15.91221, 45.81976], [15.91276, 45.81965], [15.91316, 45.81972], [15.91331, 45.81944], [15.91274, 45.81915], [15.91271, 45.81906], [15.91318, 45.81872], [15.91356, 45.81878], [15.91375, 45.81886], [15.91388, 45.81903], [15.91413, 45.81926], [15.9145, 45.81961], [15.9145, 45.81974], [15.91427, 45.81989], [15.91394, 45.82], [15.91339, 45.81997], [15.9131, 45.81997], [15.91288, 45.82002], [15.91255, 45.82013], [15.91237, 45.8202], [15.91224, 45.82027], [15.91223, 45.82033], [15.91252, 45.82049], [15.91253, 45.82063], [15.9126, 45.8206], [15.9129, 45.8207], [15.91313, 45.82082], [15.91348, 45.82096], [15.91371, 45.82129], [15.91357, 45.82136], [15.91335, 45.8216], [15.91322, 45.82163], [15.91333, 45.82177], [15.91343, 45.82193], [15.91338, 45.82212], [15.91342, 45.82227], [15.91363, 45.82238], [15.91391, 45.8225], [15.91417, 45.82246], [15.91463, 45.82223], [15.9149, 45.82211], [15.91522, 45.82197], [15.91548, 45.82179], [15.91589, 45.82176], [15.91634, 45.82175], [15.91689, 45.82172], [15.91709, 45.82167], [15.91736, 45.82154], [15.91779, 45.82147], [15.91808, 45.82143], [15.91843, 45.82115], [15.91876, 45.8211], [15.91892, 45.82086], [15.91917, 45.82052], [15.91925, 45.82025], [15.91964, 45.82033], [15.91974, 45.82013], [15.91975, 45.81993], [15.91996, 45.81973], [15.92035, 45.81992], [15.92122, 45.81961], [15.92177, 45.81973], [15.92192, 45.81987], [15.92221, 45.81985], [15.9223, 45.8198], [15.92232, 45.8196], [15.92247, 45.81957], [15.92265, 45.81961], [15.92288, 45.81948], [15.92312, 45.81934], [15.92322, 45.81928], [15.92314, 45.81914], [15.92316, 45.81899], [15.92348, 45.81911], [15.92363, 45.81911], [15.92393, 45.81892], [15.9243, 45.81876], [15.92447, 45.81864], [15.92451, 45.81846], [15.92457, 45.81838], [15.92467, 45.81841], [15.92441, 45.81823], [15.92472, 45.81806], [15.92493, 45.81825], [15.92515, 45.8181], [15.92534, 45.81785], [15.92547, 45.81749], [15.92555, 45.81709], [15.92538, 45.81684], [15.92537, 45.81656], [15.92556, 45.81646], [15.92571, 45.81625], [15.92584, 45.81608], [15.92576, 45.81602], [15.92583, 45.81592], [15.92566, 45.81587], [15.9254, 45.81586], [15.92547, 45.81578], [15.92535, 45.81565], [15.92498, 45.8156], [15.92491, 45.81577], [15.92493, 45.81587], [15.92511, 45.81598], [15.92489, 45.81596], [15.92428, 45.81593], [15.92425, 45.81602], [15.92424, 45.81609], [15.92404, 45.8161], [15.92385, 45.81613], [15.92379, 45.81605], [15.92359, 45.8159], [15.9234, 45.81586], [15.92322, 45.81587], [15.92295, 45.81588], [15.92256, 45.81601], [15.92269, 45.81614], [15.92293, 45.81604], [15.92307, 45.81604], [15.92333, 45.81612], [15.92315, 45.8163], [15.92319, 45.81641], [15.92297, 45.81647], [15.92274, 45.81652], [15.92255, 45.81654], [15.92244, 45.81638], [15.92228, 45.81635], [15.92184, 45.81654], [15.92176, 45.81683], [15.92161, 45.81709], [15.92002, 45.81712], [15.91911, 45.81717], [15.91868, 45.81743], [15.91838, 45.81746], [15.91806, 45.81758], [15.91712, 45.81732], [15.91647, 45.81705], [15.91584, 45.81672], [15.91548, 45.81633], [15.91518, 45.81598], [15.9151, 45.81569], [15.91523, 45.81562], [15.91555, 45.81564], [15.91596, 45.8155], [15.91632, 45.81525], [15.91605, 45.81498], [15.91604, 45.8148], [15.91613, 45.81478], [15.91655, 45.81517], [15.91694, 45.81521], [15.91731, 45.81537], [15.91767, 45.81537], [15.91794, 45.81524], [15.91833, 45.81512], [15.91843, 45.81478], [15.91852, 45.8146], [15.91871, 45.8145], [15.91916, 45.8145], [15.91939, 45.81433], [15.91983, 45.81421], [15.91987, 45.81409], [15.91964, 45.81402], [15.91966, 45.81388], [15.9199, 45.81389], [15.92005, 45.81374], [15.9201, 45.81371], [15.92018, 45.81362], [15.91949, 45.81327], [15.91893, 45.81323], [15.91851, 45.8131], [15.91829, 45.81293], [15.91848, 45.81271], [15.91815, 45.81258], [15.91814, 45.81277], [15.91802, 45.81277], [15.91801, 45.81292], [15.91774, 45.81292], [15.91766, 45.81275], [15.91757, 45.81256], [15.91749, 45.81254], [15.91694, 45.81259], [15.91667, 45.81253], [15.9162, 45.81247], [15.91606, 45.81274], [15.91557, 45.81261], [15.91554, 45.8125], [15.91533, 45.81243], [15.91548, 45.81221], [15.91469, 45.81208], [15.91453, 45.81209], [15.91441, 45.81213], [15.9145, 45.81239], [15.9146, 45.81259], [15.914, 45.81279], [15.91374, 45.81255], [15.91365, 45.81237], [15.91328, 45.81241], [15.9131, 45.81244], [15.91315, 45.81261], [15.91304, 45.81264], [15.9131, 45.81281], [15.91303, 45.81284], [15.913, 45.81289], [15.91292, 45.81292], [15.91279, 45.81272], [15.9124, 45.8128], [15.91225, 45.81254], [15.91202, 45.81226], [15.9117, 45.81232], [15.91139, 45.81237], [15.91141, 45.81297], [15.91122, 45.81296], [15.91115, 45.81243], [15.91068, 45.81245], [15.91081, 45.81287], [15.91037, 45.81291], [15.91057, 45.81303], [15.91027, 45.81315], [15.91051, 45.8133], [15.91036, 45.81345], [15.9107, 45.81369], [15.91137, 45.81424], [15.91148, 45.81422], [15.91152, 45.81419], [15.91172, 45.81418], [15.91193, 45.81418], [15.91216, 45.8145]]], [[[15.92005, 45.81542], [15.92013, 45.81548], [15.92026, 45.81552], [15.9206, 45.81562], [15.92113, 45.81543], [15.92129, 45.81539], [15.9215, 45.81522], [15.92209, 45.81522], [15.92236, 45.81505], [15.92255, 45.81509], [15.92267, 45.81524], [15.92301, 45.81528], [15.92339, 45.81531], [15.92368, 45.81539], [15.92397, 45.81562], [15.92403, 45.81581], [15.92404, 45.81592], [15.92421, 45.81593], [15.92426, 45.8156], [15.92428, 45.81541], [15.92428, 45.8153], [15.92427, 45.81522], [15.92409, 45.815], [15.92394, 45.81488], [15.92361, 45.8147], [15.92333, 45.81455], [15.92327, 45.81446], [15.9232, 45.81435], [15.92301, 45.81442], [15.92285, 45.81443], [15.92269, 45.81443], [15.92253, 45.81444], [15.92214, 45.81454], [15.92191, 45.81475], [15.92186, 45.81475], [15.9217, 45.8148], [15.92168, 45.81488], [15.92147, 45.81492], [15.92134, 45.81495], [15.92115, 45.815], [15.92093, 45.81504], [15.92081, 45.81509], [15.92073, 45.81515], [15.92053, 45.81517], [15.9204, 45.81518], [15.92027, 45.81526], [15.92011, 45.8153], [15.92001, 45.81525], [15.91989, 45.81525], [15.92005, 45.81542]]]]}}, {"type": "Feature", "properties": {"name": "Šestinski dol", "ha": 10.1}, "geometry": {"type": "MultiPolygon", "coordinates": [[[[15.94495, 45.82138], [15.94525, 45.82152], [15.94584, 45.82162], [15.94592, 45.82152], [15.94627, 45.82154], [15.94643, 45.82144], [15.94672, 45.82137], [15.9466, 45.82117], [15.94679, 45.82105], [15.94618, 45.82098], [15.94618, 45.82067], [15.94666, 45.82075], [15.94694, 45.82074], [15.94703, 45.82101], [15.94723, 45.8209], [15.94712, 45.82], [15.9471, 45.81985], [15.94708, 45.81956], [15.94709, 45.8194], [15.94665, 45.81939], [15.94657, 45.81957], [15.9463, 45.8195], [15.94629, 45.81916], [15.94606, 45.81914], [15.9459, 45.81914], [15.94583, 45.81897], [15.94562, 45.81892], [15.94554, 45.81888], [15.94564, 45.81871], [15.94573, 45.81854], [15.94584, 45.81847], [15.94584, 45.81834], [15.94579, 45.81833], [15.94569, 45.81821], [15.94562, 45.81773], [15.94551, 45.81773], [15.94539, 45.81759], [15.94546, 45.81714], [15.94569, 45.81634], [15.94541, 45.81628], [15.94511, 45.81754], [15.9448, 45.81751], [15.94471, 45.81782], [15.94473, 45.81829], [15.94464, 45.81875], [15.94468, 45.81878], [15.94473, 45.81884], [15.94476, 45.8189], [15.94478, 45.81898], [15.9447, 45.81937], [15.9446, 45.81975], [15.94448, 45.81993], [15.94432, 45.8205], [15.9454, 45.82053], [15.94543, 45.82095], [15.94534, 45.82118], [15.94495, 45.82138]]], [[[15.94295, 45.82066], [15.94303, 45.82017], [15.94306, 45.82007], [15.94303, 45.81996], [15.94257, 45.81996], [15.94258, 45.81979], [15.94301, 45.81975], [15.94303, 45.81899], [15.94314, 45.81853], [15.94331, 45.81835], [15.94371, 45.81833], [15.94377, 45.81798], [15.94345, 45.8179], [15.94334, 45.81776], [15.94374, 45.81763], [15.94376, 45.81738], [15.94364, 45.81716], [15.94396, 45.81698], [15.944, 45.81678], [15.94404, 45.8167], [15.94431, 45.81677], [15.94428, 45.81689], [15.94421, 45.81724], [15.94399, 45.81773], [15.944, 45.81815], [15.94426, 45.81823], [15.94425, 45.81866], [15.94427, 45.81866], [15.94425, 45.8188], [15.94422, 45.81886], [15.94418, 45.81894], [15.94411, 45.81905], [15.94405, 45.81918], [15.94401, 45.81927], [15.94396, 45.81945], [15.94394, 45.81953], [15.94394, 45.81963], [15.94395, 45.81972], [15.94397, 45.81983], [15.94399, 45.81992], [15.94394, 45.8204], [15.94396, 45.82091], [15.94369, 45.82105], [15.94338, 45.82136], [15.94323, 45.82174], [15.94306, 45.82229], [15.94226, 45.82218], [15.94145, 45.82196], [15.94181, 45.82176], [15.94263, 45.82183], [15.94269, 45.82165], [15.94238, 45.8215], [15.94193, 45.82122], [15.9423, 45.82081], [15.9424, 45.82067], [15.94295, 45.82066]]]]}}, {"type": "Feature", "properties": {"name": "Prekrižje", "ha": 15.5}, "geometry": {"type": "MultiPolygon", "coordinates": [[[[15.9574, 45.84402], [15.95739, 45.84427], [15.95749, 45.84465], [15.95763, 45.84491], [15.95779, 45.84517], [15.95793, 45.84526], [15.9581, 45.84533], [15.95832, 45.84532], [15.95844, 45.84527], [15.95903, 45.8449], [15.95969, 45.8445], [15.96052, 45.84407], [15.96128, 45.8438], [15.96189, 45.84349], [15.96222, 45.84324], [15.96237, 45.84313], [15.96215, 45.84317], [15.96186, 45.84321], [15.96174, 45.84322], [15.96166, 45.84316], [15.96163, 45.84304], [15.96164, 45.84253], [15.96157, 45.84225], [15.96121, 45.84207], [15.96121, 45.842], [15.96076, 45.84189], [15.96146, 45.84094], [15.96192, 45.84054], [15.96228, 45.84036], [15.96237, 45.84016], [15.96217, 45.83997], [15.96299, 45.83896], [15.96334, 45.83865], [15.96298, 45.83855], [15.96242, 45.839], [15.96219, 45.83894], [15.96147, 45.83964], [15.96121, 45.83964], [15.96075, 45.84018], [15.96048, 45.84007], [15.95996, 45.84058], [15.96047, 45.84078], [15.96, 45.84155], [15.9594, 45.84146], [15.95911, 45.84206], [15.9595, 45.84213], [15.95933, 45.84241], [15.95849, 45.84227], [15.95828, 45.8423], [15.95773, 45.84296], [15.9577, 45.84301], [15.95761, 45.84316], [15.9581, 45.84322], [15.95834, 45.84347], [15.95792, 45.84412], [15.9574, 45.84402]]], [[[15.95582, 45.84735], [15.95618, 45.84787], [15.95683, 45.84812], [15.95709, 45.84798], [15.95693, 45.84788], [15.95703, 45.84779], [15.957, 45.84742], [15.95784, 45.84693], [15.95796, 45.84701], [15.95848, 45.84668], [15.95903, 45.84639], [15.95884, 45.84626], [15.95898, 45.84616], [15.95979, 45.84573], [15.96024, 45.84601], [15.96044, 45.84618], [15.9608, 45.84601], [15.96016, 45.84551], [15.95996, 45.84517], [15.95982, 45.84518], [15.9598, 45.84514], [15.95949, 45.84523], [15.95919, 45.84536], [15.9586, 45.84557], [15.95845, 45.8457], [15.95827, 45.84576], [15.95807, 45.84577], [15.95786, 45.84585], [15.95755, 45.84596], [15.95599, 45.84649], [15.95579, 45.84659], [15.95543, 45.84686], [15.95542, 45.84697], [15.95577, 45.84722], [15.95582, 45.84735]]]]}}, {"type": "Feature", "properties": {"name": "Remete", "ha": 94.0}, "geometry": {"type": "MultiPolygon", "coordinates": [[[[15.99968, 45.83991], [15.99947, 45.83989], [15.99945, 45.83994], [15.99937, 45.83994], [15.9993, 45.84009], [15.99923, 45.8401], [15.99914, 45.84032], [15.99895, 45.84027], [15.99913, 45.83987], [15.99898, 45.83982], [15.99901, 45.83957], [15.99907, 45.83957], [15.99908, 45.83925], [15.99911, 45.83899], [15.99879, 45.83883], [15.99891, 45.83876], [15.99894, 45.83868], [15.99896, 45.8386], [15.999, 45.8386], [15.99904, 45.8385], [15.99906, 45.83846], [15.99912, 45.83846], [15.99914, 45.83832], [15.9992, 45.83812], [15.99911, 45.8381], [15.99901, 45.83829], [15.9989, 45.8384], [15.99868, 45.83854], [15.99831, 45.83872], [15.99841, 45.83884], [15.99833, 45.83892], [15.99858, 45.8391], [15.99851, 45.83917], [15.99838, 45.83912], [15.99793, 45.83958], [15.99815, 45.83971], [15.9981, 45.83976], [15.99792, 45.83967], [15.99786, 45.83974], [15.99772, 45.83971], [15.99758, 45.83989], [15.99751, 45.83986], [15.99747, 45.8399], [15.99736, 45.83986], [15.99733, 45.8399], [15.99708, 45.8398], [15.99699, 45.83992], [15.99715, 45.83998], [15.99746, 45.8401], [15.99747, 45.84007], [15.99783, 45.8402], [15.99805, 45.84028], [15.99848, 45.84038], [15.99827, 45.84076], [15.99809, 45.84104], [15.99789, 45.8413], [15.99795, 45.84133], [15.99773, 45.84161], [15.99755, 45.84181], [15.99734, 45.84202], [15.99741, 45.84206], [15.99728, 45.8422], [15.99717, 45.84216], [15.99709, 45.84224], [15.99715, 45.84228], [15.9969, 45.84265], [15.9965, 45.84253], [15.99643, 45.84266], [15.99691, 45.84281], [15.99683, 45.84295], [15.99687, 45.84296], [15.99678, 45.84309], [15.99668, 45.84306], [15.99651, 45.84334], [15.99621, 45.84326], [15.99617, 45.84334], [15.99618, 45.84334], [15.99633, 45.84338], [15.9963, 45.84347], [15.99625, 45.84356], [15.99639, 45.8436], [15.99603, 45.84403], [15.99654, 45.84421], [15.9962, 45.84466], [15.99565, 45.84463], [15.99534, 45.84501], [15.99515, 45.84538], [15.99498, 45.84531], [15.99477, 45.84549], [15.99455, 45.84542], [15.99382, 45.84606], [15.99371, 45.84618], [15.99382, 45.84625], [15.99365, 45.84647], [15.99334, 45.84636], [15.99301, 45.84698], [15.99266, 45.84748], [15.99233, 45.84783], [15.99198, 45.84821], [15.99155, 45.84852], [15.99107, 45.84889], [15.99065, 45.84894], [15.99013, 45.8495], [15.99062, 45.84994], [15.99077, 45.85016], [15.9903, 45.85022], [15.99012, 45.85051], [15.99044, 45.85061], [15.9908, 45.85046], [15.99114, 45.85071], [15.99166, 45.85057], [15.99219, 45.85056], [15.99229, 45.85041], [15.99198, 45.8502], [15.99256, 45.85002], [15.9923, 45.84966], [15.99271, 45.84947], [15.99286, 45.8496], [15.99284, 45.84985], [15.99257, 45.85014], [15.99253, 45.85036], [15.99244, 45.85051], [15.99231, 45.85065], [15.99194, 45.85071], [15.99186, 45.85093], [15.9919, 45.85099], [15.99219, 45.85086], [15.99253, 45.85075], [15.9927, 45.85088], [15.99295, 45.85072], [15.99315, 45.85053], [15.99337, 45.85008], [15.99319, 45.85], [15.99336, 45.84974], [15.99316, 45.8494], [15.99351, 45.84921], [15.99373, 45.84909], [15.99369, 45.84861], [15.99423, 45.84844], [15.99439, 45.84805], [15.99474, 45.84821], [15.99485, 45.8482], [15.99497, 45.84852], [15.99537, 45.84856], [15.99541, 45.84867], [15.99562, 45.84876], [15.99593, 45.84864], [15.99575, 45.84852], [15.99553, 45.84833], [15.99518, 45.84814], [15.99537, 45.84777], [15.99603, 45.84724], [15.99657, 45.84706], [15.99679, 45.84682], [15.99646, 45.84646], [15.99666, 45.84623], [15.99726, 45.84592], [15.99689, 45.84554], [15.99734, 45.84528], [15.99718, 45.84484], [15.99729, 45.84462], [15.99812, 45.84484], [15.99785, 45.84445], [15.99803, 45.84406], [15.99805, 45.84402], [15.99796, 45.84398], [15.99792, 45.84394], [15.99796, 45.84391], [15.99808, 45.84396], [15.99817, 45.84397], [15.99822, 45.84392], [15.99829, 45.84393], [15.99837, 45.84388], [15.99836, 45.84382], [15.99835, 45.84377], [15.99833, 45.84367], [15.99823, 45.84361], [15.9982, 45.84354], [15.99822, 45.84345], [15.99827, 45.8434], [15.99832, 45.84334], [15.9983, 45.84324], [15.99822, 45.84322], [15.99834, 45.84309], [15.99838, 45.84301], [15.99844, 45.84301], [15.99857, 45.84299], [15.99858, 45.84294], [15.99847, 45.84289], [15.9983, 45.84282], [15.9984, 45.84269], [15.99852, 45.84272], [15.99856, 45.84265], [15.99853, 45.84259], [15.99846, 45.84255], [15.99849, 45.84248], [15.99857, 45.8425], [15.99867, 45.8426], [15.99873, 45.8426], [15.99882, 45.84262], [15.9989, 45.84266], [15.99896, 45.84261], [15.99901, 45.84252], [15.99894, 45.84248], [15.99902, 45.84231], [15.99863, 45.84217], [15.99875, 45.84199], [15.99893, 45.84202], [15.99898, 45.84193], [15.99895, 45.84185], [15.99895, 45.84175], [15.9989, 45.84166], [15.99898, 45.84162], [15.99914, 45.84162], [15.99936, 45.84167], [15.99951, 45.84171], [15.99968, 45.84172], [15.99983, 45.84174], [15.99993, 45.84175], [15.99995, 45.84167], [15.99952, 45.84154], [15.99952, 45.84147], [15.99946, 45.84138], [15.99931, 45.84127], [15.99913, 45.84124], [15.99898, 45.84117], [15.99902, 45.84106], [15.99921, 45.84102], [15.99928, 45.84093], [15.99932, 45.84089], [15.9995, 45.84087], [15.99956, 45.84091], [15.9997, 45.84091], [15.99974, 45.84084], [15.99975, 45.84078], [15.99973, 45.84067], [15.99965, 45.84057], [15.99973, 45.84053], [15.99989, 45.84059], [16.00001, 45.84061], [16.00001, 45.84055], [16.00001, 45.84049], [16.00004, 45.84043], [16.0001, 45.84045], [16.00012, 45.84029], [16.00031, 45.84033], [16.00039, 45.84035], [16.00041, 45.84022], [16.00015, 45.84018], [16.00013, 45.84008], [15.99982, 45.84004], [15.99982, 45.83991], [15.99968, 45.83991]]], [[[16.00517, 45.84973], [16.00574, 45.84939], [16.00665, 45.84871], [16.00761, 45.84773], [16.00774, 45.84759], [16.00788, 45.84745], [16.00801, 45.84747], [16.00777, 45.84792], [16.0077, 45.84821], [16.0078, 45.84839], [16.00744, 45.8492], [16.00626, 45.85045], [16.00608, 45.85103], [16.00587, 45.85144], [16.00511, 45.85201], [16.00458, 45.85241], [16.00448, 45.85256], [16.00412, 45.8527], [16.00394, 45.85298], [16.00383, 45.85352], [16.00369, 45.85378], [16.00331, 45.85391], [16.00286, 45.85363], [16.00243, 45.85374], [16.00225, 45.85399], [16.00197, 45.85438], [16.00119, 45.85489], [16.00066, 45.85522], [16.00063, 45.85541], [16.00014, 45.85545], [16.00033, 45.85513], [16.00037, 45.85461], [16.00003, 45.85474], [16.00001, 45.85523], [15.99991, 45.85513], [15.99967, 45.85517], [15.99943, 45.85506], [15.9992, 45.85505], [15.99915, 45.85514], [15.99977, 45.85547], [15.99998, 45.85557], [15.99985, 45.85578], [15.99999, 45.85585], [16.00015, 45.85578], [16.0003, 45.85584], [15.99994, 45.85612], [15.99952, 45.85595], [15.99946, 45.85586], [15.99943, 45.85596], [15.99921, 45.85599], [15.99904, 45.85622], [15.9992, 45.85626], [15.99941, 45.85601], [15.9995, 45.85603], [15.99942, 45.85625], [15.99995, 45.85629], [15.99894, 45.85661], [15.99904, 45.85668], [15.99889, 45.85677], [15.99849, 45.8568], [15.99827, 45.85691], [15.998, 45.85716], [15.99787, 45.85747], [15.99759, 45.85751], [15.99731, 45.85741], [15.99718, 45.85767], [15.99735, 45.85774], [15.9976, 45.85787], [15.99751, 45.85798], [15.99735, 45.85793], [15.99709, 45.85816], [15.99659, 45.85843], [15.99602, 45.85882], [15.99541, 45.85865], [15.99469, 45.85822], [15.99492, 45.85808], [15.99451, 45.85784], [15.994, 45.85762], [15.99431, 45.85714], [15.99413, 45.85706], [15.99412, 45.85698], [15.99417, 45.85685], [15.99386, 45.85663], [15.99421, 45.85639], [15.99426, 45.85632], [15.99413, 45.85626], [15.99441, 45.85603], [15.99461, 45.8561], [15.99497, 45.85617], [15.99481, 45.8563], [15.995, 45.85651], [15.9954, 45.85689], [15.99492, 45.85707], [15.99523, 45.85741], [15.99568, 45.85705], [15.99617, 45.85681], [15.99588, 45.85661], [15.99544, 45.85627], [15.99573, 45.8561], [15.99561, 45.85595], [15.99512, 45.85588], [15.9946, 45.85564], [15.99442, 45.85569], [15.99394, 45.85562], [15.99367, 45.8561], [15.99393, 45.85629], [15.99359, 45.85679], [15.99357, 45.85685], [15.99343, 45.85685], [15.99339, 45.85676], [15.99334, 45.85695], [15.99328, 45.85714], [15.99312, 45.85752], [15.99295, 45.85763], [15.99282, 45.85763], [15.9925, 45.8577], [15.9923, 45.8578], [15.99163, 45.85807], [15.99069, 45.85802], [15.99006, 45.85812], [15.98917, 45.85811], [15.98976, 45.85779], [15.98935, 45.85781], [15.98926, 45.85778], [15.98914, 45.85773], [15.98896, 45.85767], [15.98891, 45.85766], [15.98896, 45.85753], [15.98899, 45.85744], [15.98921, 45.85729], [15.98882, 45.85725], [15.98844, 45.85713], [15.98805, 45.85713], [15.98776, 45.85724], [15.98766, 45.85729], [15.98776, 45.85752], [15.98793, 45.85759], [15.98808, 45.85777], [15.98809, 45.85783], [15.98789, 45.85794], [15.98806, 45.85797], [15.98837, 45.85802], [15.98899, 45.85834], [15.98778, 45.85875], [15.98753, 45.85877], [15.98729, 45.85891], [15.98724, 45.8589], [15.98692, 45.85883], [15.98701, 45.85849], [15.98654, 45.85834], [15.98617, 45.85819], [15.9859, 45.85833], [15.98544, 45.85822], [15.98567, 45.85743], [15.98537, 45.85725], [15.98516, 45.85713], [15.98528, 45.85706], [15.98546, 45.85718], [15.98563, 45.85717], [15.98599, 45.85717], [15.98639, 45.85727], [15.98663, 45.85729], [15.98671, 45.85716], [15.98694, 45.85719], [15.98702, 45.85703], [15.98633, 45.85691], [15.98631, 45.85678], [15.98674, 45.85676], [15.98719, 45.85665], [15.98757, 45.85666], [15.98776, 45.85647], [15.98709, 45.85633], [15.98666, 45.85664], [15.9865, 45.8565], [15.98671, 45.85629], [15.98681, 45.85617], [15.98653, 45.85599], [15.98677, 45.85576], [15.98702, 45.85587], [15.98742, 45.85577], [15.98731, 45.85562], [15.98743, 45.85558], [15.98745, 45.85558], [15.98783, 45.85582], [15.98757, 45.85608], [15.98774, 45.85621], [15.98842, 45.85607], [15.98838, 45.85596], [15.98871, 45.85586], [15.98918, 45.85622], [15.98932, 45.856], [15.9889, 45.85568], [15.98889, 45.85553], [15.9891, 45.85557], [15.98949, 45.85568], [15.98992, 45.85575], [15.99035, 45.856], [15.99056, 45.85575], [15.99033, 45.85544], [15.98989, 45.85531], [15.98934, 45.85497], [15.98961, 45.8547], [15.98971, 45.85483], [15.98989, 45.85491], [15.99013, 45.85488], [15.99023, 45.85483], [15.99015, 45.85467], [15.99026, 45.85463], [15.99022, 45.85457], [15.99045, 45.85451], [15.99053, 45.85474], [15.9909, 45.85473], [15.99131, 45.85462], [15.9917, 45.85443], [15.99144, 45.8542], [15.99198, 45.85381], [15.99275, 45.8537], [15.99283, 45.85346], [15.99362, 45.85351], [15.99379, 45.85335], [15.99438, 45.85352], [15.99442, 45.85366], [15.99475, 45.85378], [15.99462, 45.85399], [15.99492, 45.85404], [15.99505, 45.85399], [15.99504, 45.85412], [15.99513, 45.85431], [15.99531, 45.85428], [15.99514, 45.85396], [15.99542, 45.85383], [15.99537, 45.85374], [15.9951, 45.85362], [15.99553, 45.85363], [15.9966, 45.8536], [15.99664, 45.85385], [15.99673, 45.85363], [15.99694, 45.85363], [15.997, 45.85368], [15.99685, 45.85375], [15.9969, 45.85385], [15.99711, 45.8539], [15.99716, 45.85351], [15.99746, 45.85355], [15.99756, 45.85393], [15.99844, 45.85388], [15.99887, 45.85401], [15.99885, 45.85425], [15.99894, 45.85409], [15.99906, 45.85409], [15.99905, 45.85386], [15.99914, 45.85373], [15.99913, 45.8535], [15.99922, 45.85373], [15.99953, 45.854], [16.00007, 45.85416], [16.00007, 45.85424], [15.99975, 45.85439], [15.99979, 45.85468], [15.99995, 45.8544], [16.00011, 45.85439], [16.00018, 45.85424], [16.00019, 45.85418], [16.00007, 45.85404], [16.00028, 45.85392], [16.00004, 45.85381], [15.99985, 45.85368], [15.99984, 45.85357], [16.00013, 45.85366], [16.00016, 45.85359], [16.00039, 45.85367], [16.00034, 45.85373], [16.00058, 45.85372], [16.00078, 45.85368], [16.00052, 45.85359], [16.00052, 45.85351], [16.00074, 45.85359], [16.00085, 45.85349], [16.00083, 45.85333], [16.001, 45.85329], [16.00115, 45.85335], [16.00105, 45.85357], [16.00129, 45.85359], [16.00155, 45.85343], [16.00162, 45.85349], [16.00208, 45.85328], [16.00192, 45.85308], [16.0017, 45.853], [16.00165, 45.85279], [16.0012, 45.8527], [16.00106, 45.85303], [16.00065, 45.85288], [16.00073, 45.85261], [16.00051, 45.85255], [16.0003, 45.85248], [16.00008, 45.85272], [15.99989, 45.85265], [16.00009, 45.85238], [15.99975, 45.8521], [15.99952, 45.85216], [15.9993, 45.85211], [15.99907, 45.85189], [15.99914, 45.85181], [15.99887, 45.85175], [15.99882, 45.85182], [15.99863, 45.85177], [15.99851, 45.85199], [15.99796, 45.85186], [15.99817, 45.85167], [15.9979, 45.85162], [15.99769, 45.85172], [15.99759, 45.85186], [15.99659, 45.85184], [15.99651, 45.85165], [15.99626, 45.85174], [15.99572, 45.85178], [15.99533, 45.85165], [15.99438, 45.85195], [15.99383, 45.85221], [15.99331, 45.85246], [15.9932, 45.85243], [15.99311, 45.85241], [15.99315, 45.85219], [15.99321, 45.85216], [15.99336, 45.85204], [15.99378, 45.85188], [15.99409, 45.85175], [15.99445, 45.85163], [15.9944, 45.85154], [15.9946, 45.8515], [15.99483, 45.85145], [15.99511, 45.85137], [15.99519, 45.85141], [15.99614, 45.85119], [15.99678, 45.85104], [15.99742, 45.85097], [15.99831, 45.85096], [15.99918, 45.85095], [15.9993, 45.85111], [15.99957, 45.85119], [15.9995, 45.85095], [15.99979, 45.8509], [15.99991, 45.85117], [16.00021, 45.85125], [16.00034, 45.85133], [16.00024, 45.85139], [16.00037, 45.85151], [16.0006, 45.85136], [16.00077, 45.85144], [16.00094, 45.85143], [16.00137, 45.85148], [16.00156, 45.85142], [16.00172, 45.85164], [16.0026, 45.8514], [16.00283, 45.85133], [16.00311, 45.85125], [16.0034, 45.85117], [16.00457, 45.85082], [16.00458, 45.85063], [16.00287, 45.85098], [16.00254, 45.85064], [16.00228, 45.85055], [16.00252, 45.85033], [16.00307, 45.85055], [16.00328, 45.85062], [16.00359, 45.85044], [16.00388, 45.85033], [16.00366, 45.85021], [16.00365, 45.85007], [16.0038, 45.8499], [16.00413, 45.84972], [16.0037, 45.84944], [16.00379, 45.84935], [16.00426, 45.84935], [16.00475, 45.84959], [16.00455, 45.84972], [16.00423, 45.84986], [16.00404, 45.85019], [16.00425, 45.85017], [16.00455, 45.8503], [16.00492, 45.84992], [16.00517, 45.84973]]], [[[15.99916, 45.83748], [15.99898, 45.83796], [15.9988, 45.83823], [15.99857, 45.83847], [15.99817, 45.83864], [15.99789, 45.83876], [15.99722, 45.83908], [15.99696, 45.83937], [15.99674, 45.83979], [15.99645, 45.83962], [15.99623, 45.83987], [15.99599, 45.84007], [15.99583, 45.84006], [15.99535, 45.83985], [15.9952, 45.83999], [15.99562, 45.84023], [15.99572, 45.84049], [15.99556, 45.84075], [15.9954, 45.84084], [15.99517, 45.84097], [15.99509, 45.84111], [15.99495, 45.84135], [15.99489, 45.84147], [15.99478, 45.84186], [15.99444, 45.84191], [15.99436, 45.84214], [15.99458, 45.84223], [15.99458, 45.84265], [15.99424, 45.84306], [15.99379, 45.84372], [15.99358, 45.84425], [15.99378, 45.84437], [15.99367, 45.84459], [15.99327, 45.8445], [15.99309, 45.84475], [15.99297, 45.845], [15.99318, 45.84514], [15.9929, 45.84541], [15.99234, 45.84521], [15.9921, 45.8454], [15.99203, 45.84575], [15.99182, 45.84592], [15.99133, 45.84573], [15.99121, 45.84543], [15.99127, 45.84494], [15.99148, 45.84492], [15.99173, 45.84452], [15.99182, 45.84408], [15.99207, 45.84371], [15.9923, 45.84363], [15.99237, 45.84346], [15.99254, 45.84308], [15.99279, 45.84259], [15.99307, 45.84201], [15.99327, 45.84114], [15.99354, 45.84052], [15.99371, 45.84018], [15.99385, 45.8399], [15.99346, 45.83979], [15.99352, 45.83965], [15.99308, 45.83957], [15.99316, 45.8393], [15.99374, 45.83954], [15.99411, 45.83916], [15.99447, 45.83927], [15.99512, 45.83939], [15.99548, 45.83933], [15.99527, 45.83921], [15.99562, 45.83866], [15.99604, 45.83882], [15.99625, 45.8387], [15.99586, 45.83852], [15.99636, 45.83819], [15.99672, 45.83831], [15.99734, 45.83798], [15.99728, 45.83763], [15.99759, 45.83748], [15.99785, 45.83728], [15.99836, 45.8372], [15.9987, 45.83732], [15.99902, 45.83733], [15.99916, 45.83748]]]]}}, {"type": "Feature", "properties": {"name": "Čulinečina", "ha": 86.9}, "geometry": {"type": "MultiPolygon", "coordinates": [[[[16.07097, 45.81536], [16.07049, 45.81459], [16.07028, 45.81429], [16.07008, 45.81401], [16.06981, 45.81356], [16.06972, 45.81341], [16.06957, 45.81341], [16.0695, 45.81337], [16.06947, 45.81343], [16.0694, 45.81339], [16.06938, 45.81321], [16.06924, 45.8132], [16.06932, 45.81333], [16.06931, 45.81343], [16.0692, 45.81354], [16.06913, 45.81369], [16.06834, 45.81338], [16.06785, 45.81321], [16.06782, 45.81325], [16.06755, 45.81315], [16.06761, 45.81306], [16.06692, 45.81281], [16.06684, 45.81281], [16.06664, 45.8129], [16.06649, 45.81312], [16.06638, 45.81334], [16.06663, 45.81323], [16.06673, 45.81309], [16.06685, 45.81308], [16.06698, 45.81313], [16.06817, 45.81357], [16.06852, 45.81372], [16.06865, 45.81378], [16.06851, 45.81429], [16.06947, 45.81438], [16.0695, 45.81454], [16.06921, 45.81484], [16.06887, 45.81516], [16.06865, 45.81519], [16.06865, 45.81574], [16.06859, 45.81608], [16.06889, 45.81618], [16.06909, 45.81646], [16.06945, 45.81677], [16.07027, 45.81748], [16.07044, 45.81753], [16.0707, 45.81753], [16.07106, 45.81772], [16.07148, 45.81794], [16.07167, 45.81791], [16.0717, 45.81805], [16.07181, 45.81806], [16.07189, 45.81765], [16.07189, 45.81725], [16.07185, 45.81704], [16.07174, 45.8167], [16.07159, 45.81639], [16.07097, 45.81536]]], [[[16.08179, 45.80954], [16.08164, 45.80986], [16.08119, 45.81118], [16.08155, 45.81126], [16.0824, 45.81159], [16.08268, 45.81136], [16.08369, 45.81049], [16.08199, 45.80911], [16.08208, 45.80903], [16.08239, 45.80927], [16.08381, 45.81037], [16.08427, 45.81006], [16.08434, 45.80975], [16.08433, 45.80948], [16.08415, 45.80956], [16.08384, 45.80987], [16.0835, 45.80974], [16.08369, 45.80949], [16.08389, 45.80932], [16.08375, 45.80915], [16.08383, 45.8091], [16.08362, 45.80852], [16.08305, 45.80869], [16.08262, 45.80883], [16.08195, 45.80848], [16.08205, 45.80832], [16.08267, 45.80851], [16.08385, 45.80771], [16.08315, 45.80743], [16.08294, 45.80763], [16.0828, 45.80783], [16.08225, 45.80776], [16.08232, 45.80757], [16.08178, 45.80727], [16.08193, 45.8064], [16.08225, 45.80625], [16.08256, 45.80616], [16.08297, 45.8058], [16.08306, 45.8059], [16.08314, 45.80582], [16.08308, 45.80568], [16.08331, 45.80547], [16.08314, 45.80515], [16.08287, 45.80532], [16.08259, 45.80483], [16.07949, 45.80441], [16.07983, 45.80493], [16.07882, 45.80518], [16.07844, 45.80475], [16.07821, 45.80475], [16.07699, 45.8056], [16.07728, 45.80586], [16.07717, 45.80595], [16.07696, 45.80602], [16.07683, 45.80613], [16.0768, 45.80617], [16.0767, 45.80619], [16.07663, 45.80631], [16.07649, 45.80637], [16.07649, 45.80646], [16.07649, 45.80652], [16.07677, 45.80654], [16.07693, 45.80633], [16.07716, 45.80622], [16.07734, 45.80611], [16.07753, 45.80633], [16.07779, 45.80652], [16.07803, 45.80678], [16.07808, 45.80698], [16.07803, 45.80733], [16.07793, 45.80761], [16.07704, 45.80795], [16.07688, 45.80806], [16.07721, 45.80817], [16.07735, 45.80833], [16.07722, 45.80852], [16.07702, 45.80856], [16.07602, 45.80826], [16.07615, 45.80803], [16.0761, 45.80786], [16.07494, 45.80758], [16.07474, 45.80753], [16.07456, 45.80739], [16.07451, 45.80721], [16.0743, 45.80704], [16.07414, 45.80706], [16.07391, 45.80711], [16.0736, 45.8072], [16.07339, 45.80741], [16.07323, 45.80735], [16.07336, 45.80713], [16.07362, 45.80683], [16.0738, 45.8066], [16.07395, 45.80657], [16.07407, 45.80652], [16.07416, 45.80652], [16.07418, 45.80642], [16.07411, 45.80638], [16.07415, 45.80628], [16.07387, 45.8062], [16.07358, 45.80649], [16.07352, 45.80643], [16.0734, 45.80649], [16.07323, 45.80661], [16.07314, 45.80677], [16.07302, 45.80685], [16.07302, 45.8069], [16.07301, 45.80696], [16.0728, 45.80708], [16.07262, 45.80719], [16.07244, 45.80735], [16.07223, 45.80761], [16.07216, 45.80769], [16.0719, 45.80803], [16.07198, 45.80847], [16.07219, 45.80845], [16.07257, 45.80827], [16.07302, 45.80834], [16.0734, 45.80862], [16.07384, 45.8086], [16.07426, 45.80851], [16.07459, 45.80846], [16.07486, 45.80848], [16.07518, 45.8086], [16.07561, 45.8091], [16.0759, 45.80944], [16.07515, 45.81058], [16.07054, 45.8105], [16.0701, 45.81051], [16.06987, 45.81056], [16.06978, 45.81062], [16.06976, 45.81097], [16.0701, 45.8111], [16.0701, 45.81129], [16.07123, 45.81173], [16.07111, 45.81196], [16.06908, 45.81129], [16.06898, 45.81135], [16.06898, 45.81144], [16.06913, 45.81158], [16.07065, 45.81219], [16.07057, 45.81229], [16.06929, 45.81185], [16.06988, 45.81288], [16.07005, 45.81307], [16.07034, 45.81314], [16.0704, 45.81328], [16.07074, 45.81338], [16.07204, 45.81383], [16.07189, 45.81415], [16.07025, 45.81366], [16.07022, 45.81365], [16.07028, 45.81374], [16.0707, 45.81455], [16.07255, 45.81762], [16.07318, 45.817], [16.07334, 45.81713], [16.07375, 45.8171], [16.07414, 45.81698], [16.07462, 45.81676], [16.07485, 45.8167], [16.07525, 45.8167], [16.0756, 45.81669], [16.0759, 45.81636], [16.0765, 45.81579], [16.07676, 45.81567], [16.07674, 45.81536], [16.077, 45.81516], [16.07715, 45.81514], [16.07715, 45.81486], [16.07723, 45.81469], [16.07796, 45.81423], [16.07805, 45.81418], [16.07843, 45.8141], [16.07871, 45.81356], [16.07876, 45.81346], [16.07903, 45.81296], [16.07926, 45.81262], [16.07975, 45.81256], [16.08007, 45.81261], [16.08045, 45.81259], [16.08057, 45.8124], [16.0803, 45.81216], [16.07987, 45.81199], [16.07992, 45.81192], [16.08005, 45.8118], [16.08063, 45.81153], [16.08089, 45.81147], [16.081, 45.81108], [16.08116, 45.81082], [16.08129, 45.81015], [16.08141, 45.80988], [16.08164, 45.8096], [16.08174, 45.80943], [16.08179, 45.80954]]]]}}, {"type": "Feature", "properties": {"name": "Kraljevec", "ha": 52.5}, "geometry": {"type": "MultiPolygon", "coordinates": [[[[15.96329, 45.84221], [15.96364, 45.84244], [15.96399, 45.84252], [15.96409, 45.84272], [15.96415, 45.84315], [15.96401, 45.84353], [15.96404, 45.84378], [15.96423, 45.84392], [15.96445, 45.84354], [15.96475, 45.84356], [15.9648, 45.84392], [15.96548, 45.84389], [15.96547, 45.84365], [15.96559, 45.84352], [15.96592, 45.84341], [15.96628, 45.84314], [15.96576, 45.84287], [15.96628, 45.84272], [15.96659, 45.84281], [15.96677, 45.84257], [15.96717, 45.84237], [15.96762, 45.84206], [15.96708, 45.84131], [15.96754, 45.8412], [15.96817, 45.84094], [15.96862, 45.84088], [15.9687, 45.84072], [15.96887, 45.84059], [15.96878, 45.84018], [15.9694, 45.83941], [15.969, 45.83933], [15.96934, 45.8389], [15.96971, 45.83862], [15.97003, 45.83868], [15.97028, 45.83858], [15.97047, 45.83846], [15.9706, 45.83825], [15.97098, 45.8364], [15.97109, 45.83567], [15.97118, 45.83508], [15.97074, 45.83513], [15.97044, 45.83512], [15.97042, 45.83491], [15.97028, 45.8349], [15.97032, 45.83432], [15.97035, 45.83431], [15.97059, 45.83431], [15.97058, 45.83413], [15.97068, 45.83413], [15.97067, 45.83393], [15.97037, 45.83394], [15.97035, 45.83362], [15.97041, 45.83362], [15.97042, 45.83315], [15.9704, 45.83298], [15.97039, 45.8327], [15.97063, 45.83267], [15.9706, 45.83252], [15.9708, 45.83247], [15.97081, 45.83228], [15.97065, 45.83231], [15.97067, 45.83201], [15.97059, 45.83201], [15.97059, 45.83196], [15.97068, 45.83195], [15.97068, 45.8318], [15.97047, 45.8318], [15.97045, 45.83158], [15.97013, 45.83149], [15.97, 45.83143], [15.96994, 45.83138], [15.96989, 45.83136], [15.9697, 45.83133], [15.96941, 45.83128], [15.96928, 45.8313], [15.96938, 45.83157], [15.96978, 45.83269], [15.96951, 45.83275], [15.96939, 45.83274], [15.96923, 45.83272], [15.96903, 45.83271], [15.96895, 45.8332], [15.96951, 45.83323], [15.96947, 45.83349], [15.96904, 45.8335], [15.96901, 45.83371], [15.96897, 45.83408], [15.9689, 45.83427], [15.96889, 45.83464], [15.96921, 45.8346], [15.96916, 45.8348], [15.96879, 45.8348], [15.96878, 45.83512], [15.96914, 45.83515], [15.96908, 45.8355], [15.96864, 45.83543], [15.9686, 45.83559], [15.96872, 45.83575], [15.96853, 45.83593], [15.96824, 45.83633], [15.96836, 45.83646], [15.96751, 45.83687], [15.96714, 45.83803], [15.96654, 45.83783], [15.96522, 45.8374], [15.96545, 45.83703], [15.96597, 45.83717], [15.96658, 45.8366], [15.96649, 45.83654], [15.96656, 45.83637], [15.96683, 45.83641], [15.96691, 45.83615], [15.96743, 45.83542], [15.96716, 45.83531], [15.96748, 45.83474], [15.96771, 45.83474], [15.96765, 45.83381], [15.96766, 45.83334], [15.96803, 45.83288], [15.96812, 45.83276], [15.96728, 45.83242], [15.96807, 45.83076], [15.96821, 45.83062], [15.96826, 45.83016], [15.96756, 45.82997], [15.96718, 45.83001], [15.96693, 45.83003], [15.96694, 45.83007], [15.96695, 45.83022], [15.96689, 45.83072], [15.96686, 45.83098], [15.96645, 45.8309], [15.96619, 45.83087], [15.96618, 45.83095], [15.96604, 45.83094], [15.966, 45.83108], [15.96592, 45.83177], [15.96551, 45.83293], [15.96504, 45.83358], [15.96415, 45.83438], [15.9634, 45.83513], [15.96287, 45.83539], [15.96263, 45.83545], [15.96259, 45.83572], [15.96265, 45.83586], [15.96247, 45.83628], [15.96237, 45.8366], [15.96231, 45.83693], [15.96199, 45.83749], [15.96161, 45.838], [15.96171, 45.83804], [15.96168, 45.83811], [15.96191, 45.83815], [15.96229, 45.83818], [15.96337, 45.83853], [15.9634, 45.83848], [15.96355, 45.83851], [15.96356, 45.83858], [15.96368, 45.83876], [15.96386, 45.8389], [15.96382, 45.83909], [15.96354, 45.83905], [15.96347, 45.83914], [15.96358, 45.83917], [15.96354, 45.83927], [15.96342, 45.83925], [15.96335, 45.83947], [15.96366, 45.83954], [15.96364, 45.83974], [15.96353, 45.83973], [15.96337, 45.84005], [15.96367, 45.84015], [15.96356, 45.84043], [15.96322, 45.84042], [15.9626, 45.84173], [15.96329, 45.84221]]]]}}, {"type": "Feature", "properties": {"name": "Remetski kamenjak", "ha": 61.4}, "geometry": {"type": "MultiPolygon", "coordinates": [[[[15.98313, 45.85358], [15.9832, 45.85419], [15.98345, 45.85425], [15.98341, 45.85406], [15.9834, 45.85391], [15.98338, 45.85382], [15.98354, 45.85379], [15.98355, 45.85369], [15.98339, 45.85369], [15.98348, 45.85354], [15.98305, 45.85304], [15.98363, 45.85301], [15.98378, 45.8526], [15.98406, 45.85253], [15.98425, 45.85201], [15.98434, 45.85175], [15.98429, 45.85163], [15.98406, 45.8516], [15.98408, 45.85138], [15.98373, 45.85131], [15.98375, 45.85095], [15.98347, 45.85095], [15.98344, 45.85075], [15.98354, 45.85038], [15.98367, 45.85036], [15.98389, 45.8504], [15.98415, 45.8502], [15.98445, 45.8502], [15.98451, 45.84969], [15.98431, 45.84959], [15.98435, 45.84948], [15.98455, 45.84938], [15.98356, 45.84889], [15.98298, 45.84879], [15.98296, 45.84831], [15.98268, 45.84824], [15.98267, 45.84789], [15.98249, 45.84791], [15.98253, 45.84752], [15.98272, 45.84746], [15.98254, 45.84723], [15.98257, 45.84685], [15.98257, 45.84659], [15.98246, 45.84649], [15.98224, 45.84636], [15.98231, 45.84666], [15.98207, 45.84715], [15.98145, 45.84693], [15.98117, 45.84679], [15.98108, 45.84665], [15.9812, 45.84647], [15.98125, 45.84625], [15.98126, 45.84613], [15.98165, 45.84609], [15.98175, 45.84594], [15.98159, 45.84581], [15.9814, 45.84572], [15.98129, 45.84509], [15.98127, 45.84491], [15.98118, 45.84433], [15.98116, 45.84373], [15.98142, 45.8437], [15.98145, 45.84281], [15.98158, 45.84193], [15.98201, 45.84022], [15.98214, 45.83977], [15.98219, 45.83955], [15.98198, 45.83949], [15.98201, 45.8394], [15.98218, 45.83938], [15.98226, 45.83898], [15.98187, 45.8392], [15.98171, 45.83895], [15.98219, 45.83879], [15.98221, 45.83849], [15.98186, 45.83849], [15.98185, 45.83816], [15.98099, 45.83815], [15.98088, 45.83772], [15.98127, 45.83796], [15.98181, 45.83786], [15.9813, 45.83774], [15.98112, 45.83775], [15.98111, 45.83758], [15.98082, 45.83754], [15.98107, 45.83752], [15.98101, 45.83734], [15.98125, 45.8373], [15.98122, 45.83713], [15.98121, 45.83707], [15.98083, 45.83706], [15.9806, 45.83691], [15.97993, 45.83709], [15.97994, 45.83698], [15.97946, 45.83695], [15.97949, 45.83703], [15.97964, 45.83703], [15.97981, 45.8371], [15.97968, 45.83715], [15.97957, 45.83715], [15.9795, 45.83711], [15.97948, 45.83717], [15.97954, 45.83728], [15.97928, 45.83729], [15.97923, 45.83729], [15.97948, 45.83747], [15.97949, 45.83748], [15.97947, 45.83771], [15.97957, 45.83779], [15.97953, 45.83813], [15.9794, 45.83827], [15.97912, 45.83831], [15.97925, 45.83806], [15.97904, 45.83802], [15.97881, 45.83818], [15.97885, 45.83832], [15.97876, 45.8384], [15.97866, 45.83862], [15.97841, 45.83905], [15.97825, 45.83913], [15.97829, 45.83916], [15.97846, 45.8391], [15.97849, 45.83921], [15.97815, 45.83917], [15.97812, 45.83903], [15.9776, 45.83883], [15.97729, 45.83872], [15.9773, 45.83868], [15.97691, 45.83858], [15.97688, 45.83864], [15.97707, 45.83878], [15.97724, 45.83888], [15.97713, 45.83894], [15.9772, 45.83901], [15.97739, 45.83891], [15.97753, 45.83892], [15.97777, 45.83907], [15.97789, 45.83911], [15.97795, 45.83924], [15.97796, 45.83925], [15.97791, 45.83941], [15.97781, 45.83957], [15.97768, 45.83958], [15.97762, 45.8396], [15.97764, 45.83975], [15.97708, 45.84007], [15.97664, 45.84053], [15.97634, 45.84089], [15.97664, 45.84085], [15.97711, 45.84098], [15.97732, 45.84096], [15.97782, 45.84168], [15.97719, 45.84185], [15.97702, 45.84212], [15.97684, 45.842], [15.97685, 45.84157], [15.97706, 45.84156], [15.97706, 45.84145], [15.97677, 45.84145], [15.97679, 45.84115], [15.97702, 45.84128], [15.97728, 45.84126], [15.97718, 45.84107], [15.97692, 45.84101], [15.97663, 45.84092], [15.97631, 45.84097], [15.97614, 45.84108], [15.97584, 45.84153], [15.97567, 45.84175], [15.97599, 45.84234], [15.97612, 45.84261], [15.97655, 45.84349], [15.97675, 45.84398], [15.97694, 45.84466], [15.97704, 45.84607], [15.97704, 45.84612], [15.97704, 45.84619], [15.97766, 45.84614], [15.97771, 45.84639], [15.97777, 45.8467], [15.9779, 45.84689], [15.97787, 45.84712], [15.97779, 45.84767], [15.97777, 45.84779], [15.97752, 45.84776], [15.9774, 45.84811], [15.97747, 45.84813], [15.97771, 45.84818], [15.97769, 45.84868], [15.97807, 45.8488], [15.97815, 45.84883], [15.9784, 45.84888], [15.97873, 45.84896], [15.97909, 45.84885], [15.97988, 45.84898], [15.97993, 45.84898], [15.98029, 45.84896], [15.98035, 45.8485], [15.98077, 45.84809], [15.98115, 45.84806], [15.9812, 45.84896], [15.9815, 45.84897], [15.98158, 45.84971], [15.98087, 45.84986], [15.98053, 45.84993], [15.98049, 45.85026], [15.98068, 45.85025], [15.98161, 45.85019], [15.98179, 45.85063], [15.98121, 45.85069], [15.98108, 45.85091], [15.98093, 45.85144], [15.98106, 45.85163], [15.98084, 45.85196], [15.98078, 45.85219], [15.9811, 45.85215], [15.98124, 45.85217], [15.98121, 45.85243], [15.98065, 45.85262], [15.98027, 45.85275], [15.98008, 45.85277], [15.98002, 45.85213], [15.98007, 45.85205], [15.97954, 45.85157], [15.97951, 45.85077], [15.97937, 45.8507], [15.97887, 45.85084], [15.97839, 45.85063], [15.97818, 45.85066], [15.97774, 45.85056], [15.97756, 45.85068], [15.97738, 45.85095], [15.97708, 45.851], [15.97693, 45.85136], [15.97696, 45.85163], [15.97735, 45.85168], [15.97745, 45.8517], [15.9778, 45.85176], [15.97822, 45.8517], [15.97864, 45.85201], [15.97879, 45.8521], [15.97861, 45.85219], [15.97855, 45.85229], [15.97857, 45.85239], [15.97837, 45.85244], [15.97813, 45.85243], [15.97802, 45.85251], [15.97821, 45.8526], [15.97842, 45.85281], [15.97865, 45.85302], [15.97873, 45.85317], [15.97856, 45.85339], [15.97835, 45.85351], [15.97819, 45.85354], [15.97795, 45.85345], [15.97783, 45.85354], [15.97771, 45.85358], [15.97762, 45.85364], [15.9776, 45.85377], [15.97788, 45.85384], [15.97799, 45.85387], [15.97813, 45.85389], [15.9786, 45.85386], [15.97872, 45.85399], [15.97834, 45.85405], [15.97801, 45.85399], [15.97805, 45.85419], [15.9783, 45.85449], [15.97877, 45.85431], [15.97897, 45.85442], [15.97917, 45.85467], [15.97947, 45.85496], [15.97978, 45.85523], [15.98, 45.85546], [15.98017, 45.85563], [15.98019, 45.85567], [15.98026, 45.85566], [15.98032, 45.85585], [15.98054, 45.85576], [15.98057, 45.8559], [15.98065, 45.85583], [15.98063, 45.8556], [15.98077, 45.85554], [15.98076, 45.85546], [15.9806, 45.85549], [15.98055, 45.85535], [15.98043, 45.85534], [15.98031, 45.85524], [15.9802, 45.85488], [15.98009, 45.8545], [15.98002, 45.85428], [15.97998, 45.8541], [15.98, 45.85378], [15.98004, 45.8536], [15.98026, 45.85362], [15.98018, 45.85371], [15.98024, 45.85375], [15.98039, 45.85372], [15.98032, 45.85354], [15.98019, 45.85353], [15.97987, 45.85356], [15.97984, 45.85366], [15.97965, 45.85367], [15.97963, 45.85366], [15.97956, 45.85362], [15.97948, 45.85369], [15.97897, 45.85371], [15.97883, 45.85358], [15.97896, 45.85339], [15.97924, 45.8535], [15.97952, 45.85343], [15.98001, 45.85352], [15.97998, 45.85314], [15.98019, 45.85304], [15.98023, 45.85329], [15.98029, 45.85341], [15.98078, 45.85331], [15.98069, 45.8531], [15.98101, 45.85291], [15.98123, 45.85283], [15.9816, 45.85285], [15.98163, 45.85261], [15.98178, 45.85259], [15.98215, 45.85253], [15.98226, 45.85275], [15.98236, 45.85314], [15.98254, 45.85308], [15.98262, 45.85315], [15.98286, 45.85318], [15.98277, 45.85337], [15.98276, 45.85352], [15.98257, 45.85361], [15.98276, 45.85376], [15.98293, 45.85372], [15.98299, 45.85357], [15.98313, 45.85358]]]]}}, {"type": "Feature", "properties": {"name": "Dankovečina", "ha": 180.4}, "geometry": {"type": "MultiPolygon", "coordinates": [[[[16.0511, 45.85677], [16.05155, 45.85694], [16.05198, 45.85709], [16.05219, 45.85706], [16.05266, 45.85693], [16.05286, 45.85713], [16.05278, 45.85752], [16.0522, 45.85761], [16.05162, 45.85803], [16.05174, 45.85825], [16.05063, 45.85881], [16.05105, 45.859], [16.0515, 45.85892], [16.05228, 45.8588], [16.05267, 45.85915], [16.05263, 45.85978], [16.05252, 45.8601], [16.05269, 45.86018], [16.05263, 45.86048], [16.05261, 45.86062], [16.05229, 45.86104], [16.05162, 45.86099], [16.05152, 45.86123], [16.0519, 45.86131], [16.0502, 45.86258], [16.05025, 45.86277], [16.05091, 45.86304], [16.05296, 45.86152], [16.05347, 45.86206], [16.05306, 45.86284], [16.05282, 45.86327], [16.05216, 45.86344], [16.05153, 45.8636], [16.05221, 45.86381], [16.05242, 45.86429], [16.05246, 45.86451], [16.0521, 45.86467], [16.04999, 45.86562], [16.0504, 45.86599], [16.05093, 45.86611], [16.05205, 45.86584], [16.05228, 45.86625], [16.05235, 45.86648], [16.05211, 45.8668], [16.05193, 45.8669], [16.0517, 45.86697], [16.05167, 45.86667], [16.05157, 45.86666], [16.0514, 45.86701], [16.05105, 45.86701], [16.051, 45.86788], [16.05037, 45.86811], [16.04966, 45.86831], [16.04954, 45.86824], [16.04782, 45.86916], [16.04786, 45.86947], [16.04802, 45.86985], [16.04825, 45.87009], [16.04839, 45.87025], [16.04992, 45.87004], [16.05003, 45.87042], [16.05015, 45.87091], [16.05201, 45.8704], [16.05207, 45.87077], [16.05149, 45.8711], [16.05178, 45.87116], [16.05015, 45.87162], [16.04888, 45.87187], [16.04907, 45.87241], [16.05112, 45.8727], [16.05219, 45.87312], [16.05244, 45.87358], [16.05247, 45.87364], [16.05185, 45.87419], [16.05079, 45.87454], [16.04998, 45.87446], [16.04978, 45.87437], [16.04923, 45.87415], [16.04803, 45.87403], [16.04776, 45.87411], [16.04813, 45.87433], [16.04925, 45.87481], [16.04969, 45.87499], [16.04935, 45.87566], [16.04904, 45.876], [16.04854, 45.87564], [16.04773, 45.8764], [16.04811, 45.8769], [16.0478, 45.87715], [16.04564, 45.87702], [16.04393, 45.87604], [16.04364, 45.87585], [16.04249, 45.87583], [16.04208, 45.87528], [16.04197, 45.87529], [16.04173, 45.87527], [16.04192, 45.8749], [16.04212, 45.87464], [16.0418, 45.87455], [16.04173, 45.8746], [16.04166, 45.87465], [16.04137, 45.87461], [16.0413, 45.87452], [16.04098, 45.87456], [16.04073, 45.87469], [16.0402, 45.87471], [16.04012, 45.87445], [16.039, 45.87378], [16.03919, 45.8736], [16.03936, 45.87354], [16.03921, 45.87329], [16.03885, 45.87337], [16.03859, 45.87344], [16.03854, 45.87345], [16.03816, 45.87322], [16.03789, 45.87326], [16.03764, 45.87297], [16.03786, 45.87277], [16.03764, 45.87255], [16.03738, 45.87239], [16.03765, 45.87226], [16.03802, 45.87215], [16.03797, 45.87191], [16.03796, 45.87174], [16.0387, 45.8717], [16.03881, 45.87136], [16.03889, 45.87117], [16.03946, 45.87101], [16.0395, 45.871], [16.03943, 45.87088], [16.03976, 45.8708], [16.03952, 45.87041], [16.03956, 45.87014], [16.0396, 45.87014], [16.03967, 45.87033], [16.03971, 45.87032], [16.03981, 45.87033], [16.03997, 45.87015], [16.04005, 45.8702], [16.03999, 45.87039], [16.04024, 45.87046], [16.04054, 45.87029], [16.04063, 45.87033], [16.04072, 45.8708], [16.04089, 45.87088], [16.04122, 45.87055], [16.0408, 45.87039], [16.04076, 45.8703], [16.04089, 45.8699], [16.04036, 45.86987], [16.03998, 45.86978], [16.03951, 45.86964], [16.03954, 45.8693], [16.03965, 45.86907], [16.03978, 45.86916], [16.03987, 45.86922], [16.03988, 45.86942], [16.04029, 45.86958], [16.04023, 45.86933], [16.04058, 45.86945], [16.04106, 45.86957], [16.04166, 45.86957], [16.04196, 45.86933], [16.04198, 45.86916], [16.04203, 45.86882], [16.04104, 45.86783], [16.04, 45.86764], [16.03945, 45.86755], [16.03916, 45.86738], [16.03908, 45.8666], [16.03976, 45.8667], [16.03968, 45.86619], [16.0389, 45.86611], [16.03895, 45.8657], [16.03962, 45.86549], [16.03973, 45.86536], [16.03929, 45.86526], [16.03963, 45.86525], [16.03982, 45.86522], [16.03993, 45.86511], [16.04022, 45.86491], [16.04018, 45.86475], [16.04006, 45.86437], [16.0393, 45.86423], [16.03949, 45.86389], [16.03983, 45.8639], [16.03991, 45.86364], [16.04037, 45.86244], [16.04092, 45.86258], [16.0419, 45.86263], [16.04237, 45.86225], [16.04169, 45.86202], [16.04116, 45.86183], [16.04094, 45.86146], [16.04117, 45.86118], [16.04097, 45.86059], [16.04201, 45.86064], [16.04217, 45.86025], [16.04173, 45.85983], [16.04127, 45.85943], [16.04162, 45.85914], [16.04216, 45.85933], [16.04229, 45.85906], [16.04187, 45.85889], [16.04136, 45.85872], [16.04179, 45.85812], [16.04153, 45.85802], [16.04176, 45.85764], [16.04217, 45.85726], [16.04204, 45.85692], [16.042, 45.8568], [16.04289, 45.85614], [16.0431, 45.8564], [16.04348, 45.85635], [16.0433, 45.85619], [16.043, 45.85546], [16.04327, 45.85523], [16.04391, 45.85564], [16.04427, 45.85566], [16.04443, 45.85576], [16.04465, 45.85568], [16.04474, 45.85564], [16.04478, 45.85549], [16.04493, 45.85542], [16.045, 45.85464], [16.04536, 45.8546], [16.04537, 45.85418], [16.04516, 45.85383], [16.04505, 45.85325], [16.04534, 45.85267], [16.04547, 45.85268], [16.04573, 45.85269], [16.04603, 45.85266], [16.0464, 45.85269], [16.04661, 45.85275], [16.0468, 45.85286], [16.04695, 45.85303], [16.04711, 45.85347], [16.04729, 45.85388], [16.04742, 45.8542], [16.04761, 45.85444], [16.04786, 45.85467], [16.04814, 45.85483], [16.0475, 45.85494], [16.04716, 45.85534], [16.04759, 45.85557], [16.04761, 45.85577], [16.04737, 45.85594], [16.04711, 45.85612], [16.0474, 45.85623], [16.04755, 45.85678], [16.04822, 45.85799], [16.04809, 45.85858], [16.04824, 45.85884], [16.04847, 45.85926], [16.04798, 45.85968], [16.04784, 45.8598], [16.04774, 45.85989], [16.04753, 45.86002], [16.04772, 45.86012], [16.04764, 45.86061], [16.04762, 45.86075], [16.04791, 45.86105], [16.04797, 45.86113], [16.04805, 45.86147], [16.0484, 45.86156], [16.04864, 45.86146], [16.04933, 45.86116], [16.04951, 45.86095], [16.04983, 45.86059], [16.04981, 45.86018], [16.04976, 45.85942], [16.04941, 45.85915], [16.0499, 45.85842], [16.05143, 45.85759], [16.0513, 45.85735], [16.05068, 45.85722], [16.05004, 45.85699], [16.05021, 45.85665], [16.05075, 45.85683], [16.0511, 45.85677]]]]}}]}